cellId,cellIx,cellIy,zone,Nfluid,Mfluid,Nlatent,Ninactive
1,1,1,background,20,20,0,0
2,2,1,background,20,20,0,0
3,3,1,background,20,20,0,0
4,4,1,background,20,20,0,0
5,5,1,background,20,20,0,0
6,6,1,background,20,20,0,0
7,7,1,background,20,20,0,0
8,8,1,background,20,20,0,0
9,9,1,background,20,20,0,0
10,10,1,background,20,20,0,0
11,11,1,background,20,20,0,0
12,12,1,background,20,20,0,0
13,13,1,background,20,20,0,0
14,14,1,background,20,20,0,0
15,15,1,background,20,20,0,0
16,16,1,background,20,20,0,0
17,17,1,background,20,20,0,0
18,18,1,background,20,20,0,0
19,19,1,background,20,20,0,0
20,20,1,background,20,20,0,0
21,21,1,background,20,20,0,0
22,22,1,background,20,20,0,0
23,23,1,background,20,20,0,0
24,24,1,background,20,20,0,0
25,25,1,background,20,20,0,0
26,26,1,background,20,20,0,0
27,27,1,background,20,20,0,0
28,28,1,background,20,20,0,0
29,29,1,background,20,20,0,0
30,30,1,background,20,20,0,0
31,31,1,background,20,20,0,0
32,32,1,background,20,20,0,0
33,1,2,background,20,20,0,0
34,2,2,background,20,20,0,0
35,3,2,background,20,20,0,0
36,4,2,background,20,20,0,0
37,5,2,background,20,20,0,0
38,6,2,background,20,20,0,0
39,7,2,background,20,20,0,0
40,8,2,background,20,20,0,0
41,9,2,background,20,20,0,0
42,10,2,background,20,20,0,0
43,11,2,background,20,20,0,0
44,12,2,background,20,20,0,0
45,13,2,background,20,20,0,0
46,14,2,background,20,20,0,0
47,15,2,background,20,20,0,0
48,16,2,background,20,20,0,0
49,17,2,background,20,20,0,0
50,18,2,background,20,20,0,0
51,19,2,background,20,20,0,0
52,20,2,background,20,20,0,0
53,21,2,background,20,20,0,0
54,22,2,background,20,20,0,0
55,23,2,background,20,20,0,0
56,24,2,background,20,20,0,0
57,25,2,background,20,20,0,0
58,26,2,background,20,20,0,0
59,27,2,background,20,20,0,0
60,28,2,background,20,20,0,0
61,29,2,background,20,20,0,0
62,30,2,background,20,20,0,0
63,31,2,background,20,20,0,0
64,32,2,background,20,20,0,0
65,1,3,background,20,20,0,0
66,2,3,background,20,20,0,0
67,3,3,background,20,20,0,0
68,4,3,background,20,20,0,0
69,5,3,background,20,20,0,0
70,6,3,background,20,20,0,0
71,7,3,background,20,20,0,0
72,8,3,background,20,20,0,0
73,9,3,background,20,20,0,0
74,10,3,background,20,20,0,0
75,11,3,background,20,20,0,0
76,12,3,background,20,20,0,0
77,13,3,background,20,20,0,0
78,14,3,background,20,20,0,0
79,15,3,background,20,20,0,0
80,16,3,background,20,20,0,0
81,17,3,background,20,20,0,0
82,18,3,background,20,20,0,0
83,19,3,background,20,20,0,0
84,20,3,background,20,20,0,0
85,21,3,background,20,20,0,0
86,22,3,background,20,20,0,0
87,23,3,background,20,20,0,0
88,24,3,background,20,20,0,0
89,25,3,background,20,20,0,0
90,26,3,background,20,20,0,0
91,27,3,background,20,20,0,0
92,28,3,background,20,20,0,0
93,29,3,background,20,20,0,0
94,30,3,background,20,20,0,0
95,31,3,background,20,20,0,0
96,32,3,background,20,20,0,0
97,1,4,background,20,20,0,0
98,2,4,background,20,20,0,0
99,3,4,background,20,20,0,0
100,4,4,background,20,20,0,0
101,5,4,background,20,20,0,0
102,6,4,background,20,20,0,0
103,7,4,background,20,20,0,0
104,8,4,background,20,20,0,0
105,9,4,background,20,20,0,0
106,10,4,background,20,20,0,0
107,11,4,background,20,20,0,0
108,12,4,background,20,20,0,0
109,13,4,background,20,20,0,0
110,14,4,background,20,20,0,0
111,15,4,background,20,20,0,0
112,16,4,background,20,20,0,0
113,17,4,background,20,20,0,0
114,18,4,background,20,20,0,0
115,19,4,background,20,20,0,0
116,20,4,background,20,20,0,0
117,21,4,background,20,20,0,0
118,22,4,background,20,20,0,0
119,23,4,background,20,20,0,0
120,24,4,background,20,20,0,0
121,25,4,background,20,20,0,0
122,26,4,background,20,20,0,0
123,27,4,background,20,20,0,0
124,28,4,background,20,20,0,0
125,29,4,background,20,20,0,0
126,30,4,background,20,20,0,0
127,31,4,background,20,20,0,0
128,32,4,background,20,20,0,0
129,1,5,background,20,20,0,0
130,2,5,background,20,20,0,0
131,3,5,background,20,20,0,0
132,4,5,background,20,20,0,0
133,5,5,background,20,20,0,0
134,6,5,background,20,20,0,0
135,7,5,background,20,20,0,0
136,8,5,background,20,20,0,0
137,9,5,background,20,20,0,0
138,10,5,background,20,20,0,0
139,11,5,background,20,20,0,0
140,12,5,background,20,20,0,0
141,13,5,background,20,20,0,0
142,14,5,background,20,20,0,0
143,15,5,background,20,20,0,0
144,16,5,background,20,20,0,0
145,17,5,background,20,20,0,0
146,18,5,background,20,20,0,0
147,19,5,background,20,20,0,0
148,20,5,background,20,20,0,0
149,21,5,background,20,20,0,0
150,22,5,background,20,20,0,0
151,23,5,background,20,20,0,0
152,24,5,background,20,20,0,0
153,25,5,background,20,20,0,0
154,26,5,background,20,20,0,0
155,27,5,background,20,20,0,0
156,28,5,background,20,20,0,0
157,29,5,background,20,20,0,0
158,30,5,background,20,20,0,0
159,31,5,background,20,20,0,0
160,32,5,background,20,20,0,0
161,1,6,background,20,20,0,0
162,2,6,background,20,20,0,0
163,3,6,background,20,20,0,0
164,4,6,background,20,20,0,0
165,5,6,background,20,20,0,0
166,6,6,background,20,20,0,0
167,7,6,background,20,20,0,0
168,8,6,background,20,20,0,0
169,9,6,background,20,20,0,0
170,10,6,background,20,20,0,0
171,11,6,background,20,20,0,0
172,12,6,background,20,20,0,0
173,13,6,background,20,20,0,0
174,14,6,background,20,20,0,0
175,15,6,background,20,20,0,0
176,16,6,background,20,20,0,0
177,17,6,background,20,20,0,0
178,18,6,background,20,20,0,0
179,19,6,background,20,20,0,0
180,20,6,background,20,20,0,0
181,21,6,background,20,20,0,0
182,22,6,background,20,20,0,0
183,23,6,background,20,20,0,0
184,24,6,background,20,20,0,0
185,25,6,background,20,20,0,0
186,26,6,background,20,20,0,0
187,27,6,background,20,20,0,0
188,28,6,background,20,20,0,0
189,29,6,background,20,20,0,0
190,30,6,background,20,20,0,0
191,31,6,background,20,20,0,0
192,32,6,background,20,20,0,0
193,1,7,background,20,20,0,0
194,2,7,background,20,20,0,0
195,3,7,background,20,20,0,0
196,4,7,background,20,20,0,0
197,5,7,background,20,20,0,0
198,6,7,background,20,20,0,0
199,7,7,void,0,0,0,0
200,8,7,void,0,0,0,0
201,9,7,void,0,0,0,0
202,10,7,background,20,20,0,0
203,11,7,background,20,20,0,0
204,12,7,background,20,20,0,0
205,13,7,background,20,20,0,0
206,14,7,background,20,20,0,0
207,15,7,background,20,20,0,0
208,16,7,background,20,20,0,0
209,17,7,background,20,20,0,0
210,18,7,background,20,20,0,0
211,19,7,background,20,20,0,0
212,20,7,background,20,20,0,0
213,21,7,background,20,20,0,0
214,22,7,background,20,20,0,0
215,23,7,background,20,20,0,0
216,24,7,background,20,20,0,0
217,25,7,background,20,20,0,0
218,26,7,background,20,20,0,0
219,27,7,background,20,20,0,0
220,28,7,background,20,20,0,0
221,29,7,background,20,20,0,0
222,30,7,background,20,20,0,0
223,31,7,background,20,20,0,0
224,32,7,background,20,20,0,0
225,1,8,background,20,20,0,0
226,2,8,background,20,20,0,0
227,3,8,background,20,20,0,0
228,4,8,background,20,20,0,0
229,5,8,background,20,20,0,0
230,6,8,background,20,20,0,0
231,7,8,void,0,0,0,0
232,8,8,void,0,0,0,0
233,9,8,void,0,0,0,0
234,10,8,background,20,20,0,0
235,11,8,background,20,20,0,0
236,12,8,background,20,20,0,0
237,13,8,background,20,20,0,0
238,14,8,background,20,20,0,0
239,15,8,background,20,20,0,0
240,16,8,background,20,20,0,0
241,17,8,background,20,20,0,0
242,18,8,background,20,20,0,0
243,19,8,background,20,20,0,0
244,20,8,background,20,20,0,0
245,21,8,background,20,20,0,0
246,22,8,background,20,20,0,0
247,23,8,background,20,20,0,0
248,24,8,background,20,20,0,0
249,25,8,background,20,20,0,0
250,26,8,background,20,20,0,0
251,27,8,background,20,20,0,0
252,28,8,background,20,20,0,0
253,29,8,background,20,20,0,0
254,30,8,background,20,20,0,0
255,31,8,background,20,20,0,0
256,32,8,background,20,20,0,0
257,1,9,background,20,20,0,0
258,2,9,background,20,20,0,0
259,3,9,background,20,20,0,0
260,4,9,background,20,20,0,0
261,5,9,background,20,20,0,0
262,6,9,background,20,20,0,0
263,7,9,void,0,0,0,0
264,8,9,void,0,0,0,0
265,9,9,void,0,0,0,0
266,10,9,background,20,20,0,0
267,11,9,background,20,20,0,0
268,12,9,background,20,20,0,0
269,13,9,background,20,20,0,0
270,14,9,background,20,20,0,0
271,15,9,background,20,20,0,0
272,16,9,background,20,20,0,0
273,17,9,background,20,20,0,0
274,18,9,background,20,20,0,0
275,19,9,background,20,20,0,0
276,20,9,background,20,20,0,0
277,21,9,background,20,20,0,0
278,22,9,background,20,20,0,0
279,23,9,background,20,20,0,0
280,24,9,background,20,20,0,0
281,25,9,background,20,20,0,0
282,26,9,background,20,20,0,0
283,27,9,background,20,20,0,0
284,28,9,background,20,20,0,0
285,29,9,background,20,20,0,0
286,30,9,background,20,20,0,0
287,31,9,background,20,20,0,0
288,32,9,background,20,20,0,0
289,1,10,background,20,20,0,0
290,2,10,background,20,20,0,0
291,3,10,background,20,20,0,0
292,4,10,background,20,20,0,0
293,5,10,background,20,20,0,0
294,6,10,background,20,20,0,0
295,7,10,background,20,20,0,0
296,8,10,background,20,20,0,0
297,9,10,background,20,20,0,0
298,10,10,background,20,20,0,0
299,11,10,background,20,20,0,0
300,12,10,background,20,20,0,0
301,13,10,background,20,20,0,0
302,14,10,background,20,20,0,0
303,15,10,background,20,20,0,0
304,16,10,background,20,20,0,0
305,17,10,background,20,20,0,0
306,18,10,background,20,20,0,0
307,19,10,background,20,20,0,0
308,20,10,background,20,20,0,0
309,21,10,background,20,20,0,0
310,22,10,background,20,20,0,0
311,23,10,background,20,20,0,0
312,24,10,background,20,20,0,0
313,25,10,background,20,20,0,0
314,26,10,background,20,20,0,0
315,27,10,background,20,20,0,0
316,28,10,background,20,20,0,0
317,29,10,background,20,20,0,0
318,30,10,background,20,20,0,0
319,31,10,background,20,20,0,0
320,32,10,background,20,20,0,0
321,1,11,background,20,20,0,0
322,2,11,background,20,20,0,0
323,3,11,background,20,20,0,0
324,4,11,background,20,20,0,0
325,5,11,background,20,20,0,0
326,6,11,background,20,20,0,0
327,7,11,background,20,20,0,0
328,8,11,background,20,20,0,0
329,9,11,background,20,20,0,0
330,10,11,background,20,20,0,0
331,11,11,background,20,20,0,0
332,12,11,background,20,20,0,0
333,13,11,background,20,20,0,0
334,14,11,background,20,20,0,0
335,15,11,background,20,20,0,0
336,16,11,background,20,20,0,0
337,17,11,background,20,20,0,0
338,18,11,background,20,20,0,0
339,19,11,background,20,20,0,0
340,20,11,background,20,20,0,0
341,21,11,background,20,20,0,0
342,22,11,background,20,20,0,0
343,23,11,background,20,20,0,0
344,24,11,background,20,20,0,0
345,25,11,background,20,20,0,0
346,26,11,background,20,20,0,0
347,27,11,background,20,20,0,0
348,28,11,background,20,20,0,0
349,29,11,background,20,20,0,0
350,30,11,background,20,20,0,0
351,31,11,background,20,20,0,0
352,32,11,background,20,20,0,0
353,1,12,background,20,20,0,0
354,2,12,background,20,20,0,0
355,3,12,background,20,20,0,0
356,4,12,background,20,20,0,0
357,5,12,background,20,20,0,0
358,6,12,background,20,20,0,0
359,7,12,background,20,20,0,0
360,8,12,background,20,20,0,0
361,9,12,background,20,20,0,0
362,10,12,background,20,20,0,0
363,11,12,background,20,20,0,0
364,12,12,background,20,20,0,0
365,13,12,background,20,20,0,0
366,14,12,background,20,20,0,0
367,15,12,background,20,20,0,0
368,16,12,background,20,20,0,0
369,17,12,background,20,20,0,0
370,18,12,background,20,20,0,0
371,19,12,background,20,20,0,0
372,20,12,background,20,20,0,0
373,21,12,background,20,20,0,0
374,22,12,background,20,20,0,0
375,23,12,background,20,20,0,0
376,24,12,background,20,20,0,0
377,25,12,background,20,20,0,0
378,26,12,background,20,20,0,0
379,27,12,background,20,20,0,0
380,28,12,background,20,20,0,0
381,29,12,background,20,20,0,0
382,30,12,background,20,20,0,0
383,31,12,background,20,20,0,0
384,32,12,background,20,20,0,0
385,1,13,background,20,20,0,0
386,2,13,background,20,20,0,0
387,3,13,background,20,20,0,0
388,4,13,background,20,20,0,0
389,5,13,background,20,20,0,0
390,6,13,background,20,20,0,0
391,7,13,background,20,20,0,0
392,8,13,background,20,20,0,0
393,9,13,background,20,20,0,0
394,10,13,background,20,20,0,0
395,11,13,background,20,20,0,0
396,12,13,background,20,20,0,0
397,13,13,background,20,20,0,0
398,14,13,background,20,20,0,0
399,15,13,background,20,20,0,0
400,16,13,background,20,20,0,0
401,17,13,background,20,20,0,0
402,18,13,background,20,20,0,0
403,19,13,background,20,20,0,0
404,20,13,background,20,20,0,0
405,21,13,background,20,20,0,0
406,22,13,background,20,20,0,0
407,23,13,background,20,20,0,0
408,24,13,background,20,20,0,0
409,25,13,background,20,20,0,0
410,26,13,background,20,20,0,0
411,27,13,background,20,20,0,0
412,28,13,background,20,20,0,0
413,29,13,background,20,20,0,0
414,30,13,background,20,20,0,0
415,31,13,background,20,20,0,0
416,32,13,background,20,20,0,0
417,1,14,background,20,20,0,0
418,2,14,background,20,20,0,0
419,3,14,background,20,20,0,0
420,4,14,background,20,20,0,0
421,5,14,background,20,20,0,0
422,6,14,background,20,20,0,0
423,7,14,background,20,20,0,0
424,8,14,background,20,20,0,0
425,9,14,background,20,20,0,0
426,10,14,background,20,20,0,0
427,11,14,background,20,20,0,0
428,12,14,background,20,20,0,0
429,13,14,background,20,20,0,0
430,14,14,background,20,20,0,0
431,15,14,background,20,20,0,0
432,16,14,background,20,20,0,0
433,17,14,background,20,20,0,0
434,18,14,background,20,20,0,0
435,19,14,background,20,20,0,0
436,20,14,background,20,20,0,0
437,21,14,background,20,20,0,0
438,22,14,background,20,20,0,0
439,23,14,background,20,20,0,0
440,24,14,background,20,20,0,0
441,25,14,background,20,20,0,0
442,26,14,background,20,20,0,0
443,27,14,background,20,20,0,0
444,28,14,background,20,20,0,0
445,29,14,background,20,20,0,0
446,30,14,background,20,20,0,0
447,31,14,background,20,20,0,0
448,32,14,background,20,20,0,0
449,1,15,background,20,20,0,0
450,2,15,background,20,20,0,0
451,3,15,background,20,20,0,0
452,4,15,background,20,20,0,0
453,5,15,background,20,20,0,0
454,6,15,background,20,20,0,0
455,7,15,background,20,20,0,0
456,8,15,background,20,20,0,0
457,9,15,background,20,20,0,0
458,10,15,background,20,20,0,0
459,11,15,background,20,20,0,0
460,12,15,background,20,20,0,0
461,13,15,background,20,20,0,0
462,14,15,background,20,20,0,0
463,15,15,background,20,20,0,0
464,16,15,background,20,20,0,0
465,17,15,background,20,20,0,0
466,18,15,background,20,20,0,0
467,19,15,background,20,20,0,0
468,20,15,background,20,20,0,0
469,21,15,background,20,20,0,0
470,22,15,background,20,20,0,0
471,23,15,background,20,20,0,0
472,24,15,background,20,20,0,0
473,25,15,background,20,20,0,0
474,26,15,background,20,20,0,0
475,27,15,background,20,20,0,0
476,28,15,background,20,20,0,0
477,29,15,background,20,20,0,0
478,30,15,background,20,20,0,0
479,31,15,background,20,20,0,0
480,32,15,background,20,20,0,0
481,1,16,background,20,20,0,0
482,2,16,background,20,20,0,0
483,3,16,background,20,20,0,0
484,4,16,background,20,20,0,0
485,5,16,background,20,20,0,0
486,6,16,background,20,20,0,0
487,7,16,background,20,20,0,0
488,8,16,background,20,20,0,0
489,9,16,background,20,20,0,0
490,10,16,background,20,20,0,0
491,11,16,background,20,20,0,0
492,12,16,background,20,20,0,0
493,13,16,background,20,20,0,0
494,14,16,background,20,20,0,0
495,15,16,background,20,20,0,0
496,16,16,background,20,20,0,0
497,17,16,background,20,20,0,0
498,18,16,background,20,20,0,0
499,19,16,background,20,20,0,0
500,20,16,background,20,20,0,0
501,21,16,background,20,20,0,0
502,22,16,background,20,20,0,0
503,23,16,background,20,20,0,0
504,24,16,background,20,20,0,0
505,25,16,background,20,20,0,0
506,26,16,background,20,20,0,0
507,27,16,background,20,20,0,0
508,28,16,background,20,20,0,0
509,29,16,background,20,20,0,0
510,30,16,background,20,20,0,0
511,31,16,background,20,20,0,0
512,32,16,background,20,20,0,0
513,1,17,background,20,20,0,0
514,2,17,background,20,20,0,0
515,3,17,background,20,20,0,0
516,4,17,background,20,20,0,0
517,5,17,background,20,20,0,0
518,6,17,background,20,20,0,0
519,7,17,background,20,20,0,0
520,8,17,background,20,20,0,0
521,9,17,background,20,20,0,0
522,10,17,background,20,20,0,0
523,11,17,background,20,20,0,0
524,12,17,background,20,20,0,0
525,13,17,background,20,20,0,0
526,14,17,background,20,20,0,0
527,15,17,background,20,20,0,0
528,16,17,background,20,20,0,0
529,17,17,background,20,20,0,0
530,18,17,background,20,20,0,0
531,19,17,background,20,20,0,0
532,20,17,background,20,20,0,0
533,21,17,background,20,20,0,0
534,22,17,background,20,20,0,0
535,23,17,background,20,20,0,0
536,24,17,background,20,20,0,0
537,25,17,background,20,20,0,0
538,26,17,background,20,20,0,0
539,27,17,background,20,20,0,0
540,28,17,background,20,20,0,0
541,29,17,background,20,20,0,0
542,30,17,background,20,20,0,0
543,31,17,background,20,20,0,0
544,32,17,background,20,20,0,0
545,1,18,background,20,20,0,0
546,2,18,background,20,20,0,0
547,3,18,background,20,20,0,0
548,4,18,background,20,20,0,0
549,5,18,background,20,20,0,0
550,6,18,background,20,20,0,0
551,7,18,background,20,20,0,0
552,8,18,background,20,20,0,0
553,9,18,background,20,20,0,0
554,10,18,background,20,20,0,0
555,11,18,background,20,20,0,0
556,12,18,background,20,20,0,0
557,13,18,background,20,20,0,0
558,14,18,background,20,20,0,0
559,15,18,background,20,20,0,0
560,16,18,background,20,20,0,0
561,17,18,background,20,20,0,0
562,18,18,background,20,20,0,0
563,19,18,background,20,20,0,0
564,20,18,background,20,20,0,0
565,21,18,background,20,20,0,0
566,22,18,background,20,20,0,0
567,23,18,background,20,20,0,0
568,24,18,background,20,20,0,0
569,25,18,background,20,20,0,0
570,26,18,background,20,20,0,0
571,27,18,background,20,20,0,0
572,28,18,background,20,20,0,0
573,29,18,background,20,20,0,0
574,30,18,background,20,20,0,0
575,31,18,background,20,20,0,0
576,32,18,background,20,20,0,0
577,1,19,background,20,20,0,0
578,2,19,background,20,20,0,0
579,3,19,background,20,20,0,0
580,4,19,background,20,20,0,0
581,5,19,background,20,20,0,0
582,6,19,background,20,20,0,0
583,7,19,background,20,20,0,0
584,8,19,background,20,20,0,0
585,9,19,background,20,20,0,0
586,10,19,background,20,20,0,0
587,11,19,background,20,20,0,0
588,12,19,background,20,20,0,0
589,13,19,background,20,20,0,0
590,14,19,background,20,20,0,0
591,15,19,background,20,20,0,0
592,16,19,background,20,20,0,0
593,17,19,background,20,20,0,0
594,18,19,background,20,20,0,0
595,19,19,background,20,20,0,0
596,20,19,background,20,20,0,0
597,21,19,background,20,20,0,0
598,22,19,background,20,20,0,0
599,23,19,background,20,20,0,0
600,24,19,background,20,20,0,0
601,25,19,background,20,20,0,0
602,26,19,background,20,20,0,0
603,27,19,background,20,20,0,0
604,28,19,background,20,20,0,0
605,29,19,background,20,20,0,0
606,30,19,background,20,20,0,0
607,31,19,background,20,20,0,0
608,32,19,background,20,20,0,0
609,1,20,background,20,20,0,0
610,2,20,background,20,20,0,0
611,3,20,background,20,20,0,0
612,4,20,background,20,20,0,0
613,5,20,background,20,20,0,0
614,6,20,background,20,20,0,0
615,7,20,background,20,20,0,0
616,8,20,background,20,20,0,0
617,9,20,background,20,20,0,0
618,10,20,background,20,20,0,0
619,11,20,background,20,20,0,0
620,12,20,background,20,20,0,0
621,13,20,background,20,20,0,0
622,14,20,background,20,20,0,0
623,15,20,background,20,20,0,0
624,16,20,background,20,20,0,0
625,17,20,background,20,20,0,0
626,18,20,background,20,20,0,0
627,19,20,background,20,20,0,0
628,20,20,background,20,20,0,0
629,21,20,background,20,20,0,0
630,22,20,background,20,20,0,0
631,23,20,background,20,20,0,0
632,24,20,background,20,20,0,0
633,25,20,background,20,20,0,0
634,26,20,background,20,20,0,0
635,27,20,background,20,20,0,0
636,28,20,background,20,20,0,0
637,29,20,background,20,20,0,0
638,30,20,background,20,20,0,0
639,31,20,background,20,20,0,0
640,32,20,background,20,20,0,0
641,1,21,background,20,20,0,0
642,2,21,background,20,20,0,0
643,3,21,background,20,20,0,0
644,4,21,background,20,20,0,0
645,5,21,background,20,20,0,0
646,6,21,background,20,20,0,0
647,7,21,background,20,20,0,0
648,8,21,background,20,20,0,0
649,9,21,background,20,20,0,0
650,10,21,background,20,20,0,0
651,11,21,background,20,20,0,0
652,12,21,background,20,20,0,0
653,13,21,background,20,20,0,0
654,14,21,background,20,20,0,0
655,15,21,background,20,20,0,0
656,16,21,background,20,20,0,0
657,17,21,background,20,20,0,0
658,18,21,background,20,20,0,0
659,19,21,background,20,20,0,0
660,20,21,background,20,20,0,0
661,21,21,rich,40,40,0,0
662,22,21,rich,40,40,0,0
663,23,21,rich,40,40,0,0
664,24,21,background,20,20,0,0
665,25,21,background,20,20,0,0
666,26,21,background,20,20,0,0
667,27,21,background,20,20,0,0
668,28,21,background,20,20,0,0
669,29,21,background,20,20,0,0
670,30,21,background,20,20,0,0
671,31,21,background,20,20,0,0
672,32,21,background,20,20,0,0
673,1,22,background,20,20,0,0
674,2,22,background,20,20,0,0
675,3,22,background,20,20,0,0
676,4,22,background,20,20,0,0
677,5,22,background,20,20,0,0
678,6,22,background,20,20,0,0
679,7,22,background,20,20,0,0
680,8,22,background,20,20,0,0
681,9,22,background,20,20,0,0
682,10,22,background,20,20,0,0
683,11,22,background,20,20,0,0
684,12,22,background,20,20,0,0
685,13,22,background,20,20,0,0
686,14,22,background,20,20,0,0
687,15,22,background,20,20,0,0
688,16,22,background,20,20,0,0
689,17,22,background,20,20,0,0
690,18,22,background,20,20,0,0
691,19,22,background,20,20,0,0
692,20,22,background,20,20,0,0
693,21,22,rich,40,40,0,0
694,22,22,rich,40,40,0,0
695,23,22,rich,40,40,0,0
696,24,22,background,20,20,0,0
697,25,22,background,20,20,0,0
698,26,22,background,20,20,0,0
699,27,22,background,20,20,0,0
700,28,22,background,20,20,0,0
701,29,22,background,20,20,0,0
702,30,22,background,20,20,0,0
703,31,22,background,20,20,0,0
704,32,22,background,20,20,0,0
705,1,23,background,20,20,0,0
706,2,23,background,20,20,0,0
707,3,23,background,20,20,0,0
708,4,23,background,20,20,0,0
709,5,23,background,20,20,0,0
710,6,23,background,20,20,0,0
711,7,23,background,20,20,0,0
712,8,23,background,20,20,0,0
713,9,23,background,20,20,0,0
714,10,23,background,20,20,0,0
715,11,23,background,20,20,0,0
716,12,23,background,20,20,0,0
717,13,23,background,20,20,0,0
718,14,23,background,20,20,0,0
719,15,23,background,20,20,0,0
720,16,23,background,20,20,0,0
721,17,23,background,20,20,0,0
722,18,23,background,20,20,0,0
723,19,23,background,20,20,0,0
724,20,23,background,20,20,0,0
725,21,23,rich,40,40,0,0
726,22,23,rich,40,40,0,0
727,23,23,rich,40,40,0,0
728,24,23,background,20,20,0,0
729,25,23,background,20,20,0,0
730,26,23,background,20,20,0,0
731,27,23,background,20,20,0,0
732,28,23,background,20,20,0,0
733,29,23,background,20,20,0,0
734,30,23,background,20,20,0,0
735,31,23,background,20,20,0,0
736,32,23,background,20,20,0,0
737,1,24,background,20,20,0,0
738,2,24,background,20,20,0,0
739,3,24,background,20,20,0,0
740,4,24,background,20,20,0,0
741,5,24,background,20,20,0,0
742,6,24,background,20,20,0,0
743,7,24,background,20,20,0,0
744,8,24,background,20,20,0,0
745,9,24,background,20,20,0,0
746,10,24,background,20,20,0,0
747,11,24,background,20,20,0,0
748,12,24,background,20,20,0,0
749,13,24,background,20,20,0,0
750,14,24,background,20,20,0,0
751,15,24,background,20,20,0,0
752,16,24,background,20,20,0,0
753,17,24,background,20,20,0,0
754,18,24,background,20,20,0,0
755,19,24,background,20,20,0,0
756,20,24,background,20,20,0,0
757,21,24,background,20,20,0,0
758,22,24,background,20,20,0,0
759,23,24,background,20,20,0,0
760,24,24,background,20,20,0,0
761,25,24,background,20,20,0,0
762,26,24,background,20,20,0,0
763,27,24,background,20,20,0,0
764,28,24,background,20,20,0,0
765,29,24,background,20,20,0,0
766,30,24,background,20,20,0,0
767,31,24,background,20,20,0,0
768,32,24,background,20,20,0,0
769,1,25,background,20,20,0,0
770,2,25,background,20,20,0,0
771,3,25,background,20,20,0,0
772,4,25,background,20,20,0,0
773,5,25,background,20,20,0,0
774,6,25,background,20,20,0,0
775,7,25,background,20,20,0,0
776,8,25,background,20,20,0,0
777,9,25,background,20,20,0,0
778,10,25,background,20,20,0,0
779,11,25,background,20,20,0,0
780,12,25,background,20,20,0,0
781,13,25,background,20,20,0,0
782,14,25,background,20,20,0,0
783,15,25,background,20,20,0,0
784,16,25,background,20,20,0,0
785,17,25,background,20,20,0,0
786,18,25,background,20,20,0,0
787,19,25,background,20,20,0,0
788,20,25,background,20,20,0,0
789,21,25,background,20,20,0,0
790,22,25,background,20,20,0,0
791,23,25,background,20,20,0,0
792,24,25,background,20,20,0,0
793,25,25,background,20,20,0,0
794,26,25,background,20,20,0,0
795,27,25,background,20,20,0,0
796,28,25,background,20,20,0,0
797,29,25,background,20,20,0,0
798,30,25,background,20,20,0,0
799,31,25,background,20,20,0,0
800,32,25,background,20,20,0,0
801,1,26,background,20,20,0,0
802,2,26,background,20,20,0,0
803,3,26,background,20,20,0,0
804,4,26,background,20,20,0,0
805,5,26,background,20,20,0,0
806,6,26,background,20,20,0,0
807,7,26,background,20,20,0,0
808,8,26,background,20,20,0,0
809,9,26,background,20,20,0,0
810,10,26,background,20,20,0,0
811,11,26,background,20,20,0,0
812,12,26,background,20,20,0,0
813,13,26,background,20,20,0,0
814,14,26,background,20,20,0,0
815,15,26,background,20,20,0,0
816,16,26,background,20,20,0,0
817,17,26,background,20,20,0,0
818,18,26,background,20,20,0,0
819,19,26,background,20,20,0,0
820,20,26,background,20,20,0,0
821,21,26,background,20,20,0,0
822,22,26,background,20,20,0,0
823,23,26,background,20,20,0,0
824,24,26,background,20,20,0,0
825,25,26,background,20,20,0,0
826,26,26,background,20,20,0,0
827,27,26,background,20,20,0,0
828,28,26,background,20,20,0,0
829,29,26,background,20,20,0,0
830,30,26,background,20,20,0,0
831,31,26,background,20,20,0,0
832,32,26,background,20,20,0,0
833,1,27,background,20,20,0,0
834,2,27,background,20,20,0,0
835,3,27,background,20,20,0,0
836,4,27,background,20,20,0,0
837,5,27,background,20,20,0,0
838,6,27,background,20,20,0,0
839,7,27,background,20,20,0,0
840,8,27,background,20,20,0,0
841,9,27,background,20,20,0,0
842,10,27,background,20,20,0,0
843,11,27,background,20,20,0,0
844,12,27,background,20,20,0,0
845,13,27,background,20,20,0,0
846,14,27,background,20,20,0,0
847,15,27,background,20,20,0,0
848,16,27,background,20,20,0,0
849,17,27,background,20,20,0,0
850,18,27,background,20,20,0,0
851,19,27,background,20,20,0,0
852,20,27,background,20,20,0,0
853,21,27,background,20,20,0,0
854,22,27,background,20,20,0,0
855,23,27,background,20,20,0,0
856,24,27,background,20,20,0,0
857,25,27,background,20,20,0,0
858,26,27,background,20,20,0,0
859,27,27,background,20,20,0,0
860,28,27,background,20,20,0,0
861,29,27,background,20,20,0,0
862,30,27,background,20,20,0,0
863,31,27,background,20,20,0,0
864,32,27,background,20,20,0,0
865,1,28,background,20,20,0,0
866,2,28,background,20,20,0,0
867,3,28,background,20,20,0,0
868,4,28,background,20,20,0,0
869,5,28,background,20,20,0,0
870,6,28,background,20,20,0,0
871,7,28,background,20,20,0,0
872,8,28,background,20,20,0,0
873,9,28,background,20,20,0,0
874,10,28,background,20,20,0,0
875,11,28,background,20,20,0,0
876,12,28,background,20,20,0,0
877,13,28,background,20,20,0,0
878,14,28,background,20,20,0,0
879,15,28,background,20,20,0,0
880,16,28,background,20,20,0,0
881,17,28,background,20,20,0,0
882,18,28,background,20,20,0,0
883,19,28,background,20,20,0,0
884,20,28,background,20,20,0,0
885,21,28,background,20,20,0,0
886,22,28,background,20,20,0,0
887,23,28,background,20,20,0,0
888,24,28,background,20,20,0,0
889,25,28,background,20,20,0,0
890,26,28,background,20,20,0,0
891,27,28,background,20,20,0,0
892,28,28,background,20,20,0,0
893,29,28,background,20,20,0,0
894,30,28,background,20,20,0,0
895,31,28,background,20,20,0,0
896,32,28,background,20,20,0,0
897,1,29,background,20,20,0,0
898,2,29,background,20,20,0,0
899,3,29,background,20,20,0,0
900,4,29,background,20,20,0,0
901,5,29,background,20,20,0,0
902,6,29,background,20,20,0,0
903,7,29,background,20,20,0,0
904,8,29,background,20,20,0,0
905,9,29,background,20,20,0,0
906,10,29,background,20,20,0,0
907,11,29,background,20,20,0,0
908,12,29,background,20,20,0,0
909,13,29,background,20,20,0,0
910,14,29,background,20,20,0,0
911,15,29,background,20,20,0,0
912,16,29,background,20,20,0,0
913,17,29,background,20,20,0,0
914,18,29,background,20,20,0,0
915,19,29,background,20,20,0,0
916,20,29,background,20,20,0,0
917,21,29,background,20,20,0,0
918,22,29,background,20,20,0,0
919,23,29,background,20,20,0,0
920,24,29,background,20,20,0,0
921,25,29,background,20,20,0,0
922,26,29,background,20,20,0,0
923,27,29,background,20,20,0,0
924,28,29,background,20,20,0,0
925,29,29,background,20,20,0,0
926,30,29,background,20,20,0,0
927,31,29,background,20,20,0,0
928,32,29,background,20,20,0,0
929,1,30,background,20,20,0,0
930,2,30,background,20,20,0,0
931,3,30,background,20,20,0,0
932,4,30,background,20,20,0,0
933,5,30,background,20,20,0,0
934,6,30,background,20,20,0,0
935,7,30,background,20,20,0,0
936,8,30,background,20,20,0,0
937,9,30,background,20,20,0,0
938,10,30,background,20,20,0,0
939,11,30,background,20,20,0,0
940,12,30,background,20,20,0,0
941,13,30,background,20,20,0,0
942,14,30,background,20,20,0,0
943,15,30,background,20,20,0,0
944,16,30,background,20,20,0,0
945,17,30,background,20,20,0,0
946,18,30,background,20,20,0,0
947,19,30,background,20,20,0,0
948,20,30,background,20,20,0,0
949,21,30,background,20,20,0,0
950,22,30,background,20,20,0,0
951,23,30,background,20,20,0,0
952,24,30,background,20,20,0,0
953,25,30,background,20,20,0,0
954,26,30,background,20,20,0,0
955,27,30,background,20,20,0,0
956,28,30,background,20,20,0,0
957,29,30,background,20,20,0,0
958,30,30,background,20,20,0,0
959,31,30,background,20,20,0,0
960,32,30,background,20,20,0,0
961,1,31,background,20,20,0,0
962,2,31,background,20,20,0,0
963,3,31,background,20,20,0,0
964,4,31,background,20,20,0,0
965,5,31,background,20,20,0,0
966,6,31,background,20,20,0,0
967,7,31,background,20,20,0,0
968,8,31,background,20,20,0,0
969,9,31,background,20,20,0,0
970,10,31,background,20,20,0,0
971,11,31,background,20,20,0,0
972,12,31,background,20,20,0,0
973,13,31,background,20,20,0,0
974,14,31,background,20,20,0,0
975,15,31,background,20,20,0,0
976,16,31,background,20,20,0,0
977,17,31,background,20,20,0,0
978,18,31,background,20,20,0,0
979,19,31,background,20,20,0,0
980,20,31,background,20,20,0,0
981,21,31,background,20,20,0,0
982,22,31,background,20,20,0,0
983,23,31,background,20,20,0,0
984,24,31,background,20,20,0,0
985,25,31,background,20,20,0,0
986,26,31,background,20,20,0,0
987,27,31,background,20,20,0,0
988,28,31,background,20,20,0,0
989,29,31,background,20,20,0,0
990,30,31,background,20,20,0,0
991,31,31,background,20,20,0,0
992,32,31,background,20,20,0,0
993,1,32,background,20,20,0,0
994,2,32,background,20,20,0,0
995,3,32,background,20,20,0,0
996,4,32,background,20,20,0,0
997,5,32,background,20,20,0,0
998,6,32,background,20,20,0,0
999,7,32,background,20,20,0,0
1000,8,32,background,20,20,0,0
1001,9,32,background,20,20,0,0
1002,10,32,background,20,20,0,0
1003,11,32,background,20,20,0,0
1004,12,32,background,20,20,0,0
1005,13,32,background,20,20,0,0
1006,14,32,background,20,20,0,0
1007,15,32,background,20,20,0,0
1008,16,32,background,20,20,0,0
1009,17,32,background,20,20,0,0
1010,18,32,background,20,20,0,0
1011,19,32,background,20,20,0,0
1012,20,32,background,20,20,0,0
1013,21,32,background,20,20,0,0
1014,22,32,background,20,20,0,0
1015,23,32,background,20,20,0,0
1016,24,32,background,20,20,0,0
1017,25,32,background,20,20,0,0
1018,26,32,background,20,20,0,0
1019,27,32,background,20,20,0,0
1020,28,32,background,20,20,0,0
1021,29,32,background,20,20,0,0
1022,30,32,background,20,20,0,0
1023,31,32,background,20,20,0,0
1024,32,32,background,20,20,0,0
