Catégorie,Champ canonique,Alias acceptés / formes liées,Type,Défaut,Valeurs possibles / contraintes,Condition d'activation / remarques,Signification,Source
I/O et exécution,inputState,,chemin,(obligatoire),chaîne non vide,Toujours obligatoire.,Fichier d’état initial .smpcd lu par l’exécutable.,simulation_params.h; params_io_base.cpp
I/O et exécution,outputDir,,chemin,run_base,chaîne non vide,,"Répertoire de sortie du run: summaries, dumps et fichiers associés.",simulation_params.h; params_io_base.cpp
I/O et exécution,summaryEvery,,entier,10,entier > 0,,Cadence d’écriture de summary_runtime.csv et d’affichage de progression.,simulation_params.h; params_io_base.cpp
I/O et exécution,dumpStateEvery,,entier,0,entier >= 0; 0 désactive les dumps périodiques,,Cadence d’écriture des états .smpcd pour post-traitement.,simulation_params.h; params_io_base.cpp
I/O et exécution,numThreads,,entier,0,entier >= 0; 0 laisse OpenMP décider,Pris en compte seulement si le binaire est compilé avec OpenMP.,Force omp_set_num_threads(numThreads).,simulation_params.h; params_io_base.cpp
Domaine et grille,Lx,,double,1.0,> 0,,Longueur du domaine numérique en x.,simulation_params.h; params_io_base.cpp
Domaine et grille,Ly,,double,1.0,> 0,,Longueur du domaine numérique en y.,simulation_params.h; params_io_base.cpp
Domaine et grille,Nx,,entier,32,> 0,,Nombre de cellules MPCD/projection en x.,simulation_params.h; params_io_base.cpp
Domaine et grille,Ny,,entier,32,> 0,,Nombre de cellules MPCD/projection en y.,simulation_params.h; params_io_base.cpp
Domaine actif mobile,fluidXMin0,,double,0.0,">= 0, dans [0,Lx]",Le domaine actif doit rester inclus dans la boîte numérique.,Borne x minimale initiale du domaine fluide actif.,simulation_params.h; params_io_base.cpp
Domaine actif mobile,fluidXMax0,,double,-1.0,-1 hérite de Lx; sinon > fluidXMin0 et <= Lx,"Si une frontière x est périodique, le domaine x doit être complet et statique.",Borne x maximale initiale du domaine fluide actif.,simulation_params.h; params_io_base.cpp
Domaine actif mobile,fluidYMin0,,double,0.0,">= 0, dans [0,Ly]",Le domaine actif doit rester inclus dans la boîte numérique.,Borne y minimale initiale du domaine fluide actif.,simulation_params.h; params_io_base.cpp
Domaine actif mobile,fluidYMax0,fluidYTop0,double,-1.0,-1 hérite de Ly; sinon > fluidYMin0 et <= Ly,"Si une frontière y est périodique, le domaine y doit être complet et statique.",Borne y maximale initiale du domaine fluide actif.,simulation_params.h; params_io_base.cpp
Domaine actif mobile,fluidXMinVelocity,,double,0.0,nombre réel fini,Incompatible avec une paire périodique x si non nul.,Vitesse imposée de la borne x minimale du domaine actif.,simulation_params.h; params_io_base.cpp
Domaine actif mobile,fluidXMaxVelocity,,double,0.0,nombre réel fini,Incompatible avec une paire périodique x si non nul.,Vitesse imposée de la borne x maximale du domaine actif.,simulation_params.h; params_io_base.cpp
Domaine actif mobile,fluidYMinVelocity,,double,0.0,nombre réel fini,Incompatible avec une paire périodique y si non nul.,Vitesse imposée de la borne y minimale du domaine actif.,simulation_params.h; params_io_base.cpp
Domaine actif mobile,fluidYMaxVelocity,fluidYTopVelocity,double,0.0,nombre réel fini,Incompatible avec une paire périodique y si non nul.,Vitesse imposée de la borne y maximale du domaine actif.,simulation_params.h; params_io_base.cpp
Temps et collision SRC,dt,,double,1.0e-3,> 0,,Pas de temps MPCD/SRD.,simulation_params.h; params_io_base.cpp
Temps et collision SRC,nSteps,,entier,1000,>= 0,,Nombre de pas de temps simulés.,simulation_params.h; params_io_base.cpp
Temps et collision SRC,rotationAngle,alphaDeg,double,2.0943951023931953 rad,réel non NaN; alphaDeg converti en radians,,Angle de rotation SRD/MPCD.,simulation_params.h; params_io_base.cpp
Temps et collision SRC,randomRotationSign,,booléen,true,booléen: true/1/yes/on ou false/0/no/off,,Active le signe aléatoire de la rotation collisionnelle.,simulation_params.h; params_io_base.cpp
Temps et collision SRC,gridShiftEnable,,booléen,true,booléen: true/1/yes/on ou false/0/no/off,,Active le décalage aléatoire de grille avant collision.,simulation_params.h; params_io_base.cpp
Temps et collision SRC,rngSeed,,uint64,12345,entier non signé 64 bits,,Graine de génération pseudo-aléatoire.,simulation_params.h; params_io_base.cpp
Forçage et contrôle d’écoulement,bodyAccelerationX,bodyForceX,double,0.0,nombre réel fini,,Accélération volumique uniforme appliquée en x avant streaming.,simulation_params.h; params_io_base.cpp
Forçage et contrôle d’écoulement,bodyAccelerationY,bodyForceY,double,0.0,nombre réel fini,,Accélération volumique uniforme appliquée en y avant streaming.,simulation_params.h; params_io_base.cpp
Forçage Taylor–Green,taylorGreenForcingEnable,tgForcingEnable,booléen,false,booléen: true/1/yes/on ou false/0/no/off,Restreint aux domaines périodiques x et y.,Active un forçage corporel périodique divergence-free de type Taylor–Green.,simulation_params.h; params_io_base.cpp
Forçage Taylor–Green,taylorGreenForcingAmplitude,tgForcingAmplitude; tgForceAmplitude,double,0.0,>= 0,Utilisé seulement si taylorGreenForcingEnable=true.,Amplitude A du forçage Taylor–Green.,simulation_params.h; params_io_base.cpp
Forçage Taylor–Green,taylorGreenForcingModeX,tgForcingModeX,entier,1,> 0,Utilisé seulement si taylorGreenForcingEnable=true.,Nombre d’onde entier en x du forçage Taylor–Green.,simulation_params.h; params_io_base.cpp
Forçage Taylor–Green,taylorGreenForcingModeY,tgForcingModeY,entier,1,> 0,Utilisé seulement si taylorGreenForcingEnable=true.,Nombre d’onde entier en y du forçage Taylor–Green.,simulation_params.h; params_io_base.cpp
Forçage et contrôle d’écoulement,keepMeanFlowEnable,keepMeanFlow,booléen,false,booléen: true/1/yes/on ou false/0/no/off,,Active un correcteur global de vitesse moyenne après SRC/Q6/thermostat.,simulation_params.h; params_io_base.cpp
Forçage et contrôle d’écoulement,targetMeanUx,meanFlowUx; U0,double,0.0,nombre réel fini,Pris en compte si keepMeanFlowEnable=true.,Vitesse moyenne cible en x.,simulation_params.h; params_io_base.cpp
Forçage et contrôle d’écoulement,targetMeanUy,meanFlowUy,double,0.0,nombre réel fini,Pris en compte si keepMeanFlowEnable=true.,Vitesse moyenne cible en y.,simulation_params.h; params_io_base.cpp
Conditions limites,bcLeft,boundaryLeft,enum string,periodic,periodic; solid; specular; bounceback; inlet/input; outlet/output/open,Les périodiques doivent être appariés gauche/droite.,Mode de condition limite sur la face gauche.,simulation_params.h; params_io_base.cpp
Conditions limites,bcRight,boundaryRight,enum string,periodic,periodic; solid; specular; bounceback; inlet/input; outlet/output/open,Les périodiques doivent être appariés gauche/droite.,Mode de condition limite sur la face droite.,simulation_params.h; params_io_base.cpp
Conditions limites,bcBottom,boundaryBottom,enum string,periodic,periodic; solid; specular; bounceback; inlet/input; outlet/output/open,Les périodiques doivent être appariés bas/haut.,Mode de condition limite sur la face basse.,simulation_params.h; params_io_base.cpp
Conditions limites,bcTop,boundaryTop,enum string,periodic,periodic; solid; specular; bounceback; inlet/input; outlet/output/open,Les périodiques doivent être appariés bas/haut.,Mode de condition limite sur la face haute.,simulation_params.h; params_io_base.cpp
Conditions limites,bcX,,enum string,(non stocké),periodic; solid; specular; bounceback; inlet/input; outlet/output/open,"Alias de paire; appliqué à bcLeft et bcRight, puis les clés par face peuvent surcharger.",Définit simultanément les modes gauche et droit.,simulation_params.h; params_io_base.cpp
Conditions limites,bcY,,enum string,(non stocké),periodic; solid; specular; bounceback; inlet/input; outlet/output/open,"Alias de paire; appliqué à bcBottom et bcTop, puis les clés par face peuvent surcharger.",Définit simultanément les modes bas et haut.,simulation_params.h; params_io_base.cpp
Entrées/sorties — vitesse,inletUx,inletVelocityX,double,(non stocké),nombre réel fini,Applique la même valeur à inletUxLeft/Right/Bottom/Top.,Alias global pour la composante x de vitesse d’entrée.,simulation_params.h; params_io_base.cpp
Entrées/sorties — vitesse,inletUy,inletVelocityY,double,(non stocké),nombre réel fini,Applique la même valeur à inletUyLeft/Right/Bottom/Top.,Alias global pour la composante y de vitesse d’entrée.,simulation_params.h; params_io_base.cpp
Entrées/sorties — vitesse,inletUxLeft,,double,0.0,nombre réel fini,Utilisé par les faces inlet et les segments d’inlet selon le cas.,Composante x de la vitesse prescrite sur l’entrée left.,simulation_params.h; params_io_base.cpp
Entrées/sorties — vitesse,inletUyLeft,,double,0.0,nombre réel fini,Utilisé par les faces inlet et les segments d’inlet selon le cas.,Composante y de la vitesse prescrite sur l’entrée left.,simulation_params.h; params_io_base.cpp
Entrées/sorties — vitesse,inletUxRight,,double,0.0,nombre réel fini,Utilisé par les faces inlet et les segments d’inlet selon le cas.,Composante x de la vitesse prescrite sur l’entrée right.,simulation_params.h; params_io_base.cpp
Entrées/sorties — vitesse,inletUyRight,,double,0.0,nombre réel fini,Utilisé par les faces inlet et les segments d’inlet selon le cas.,Composante y de la vitesse prescrite sur l’entrée right.,simulation_params.h; params_io_base.cpp
Entrées/sorties — vitesse,inletUxBottom,,double,0.0,nombre réel fini,Utilisé par les faces inlet et les segments d’inlet selon le cas.,Composante x de la vitesse prescrite sur l’entrée bottom.,simulation_params.h; params_io_base.cpp
Entrées/sorties — vitesse,inletUyBottom,,double,0.0,nombre réel fini,Utilisé par les faces inlet et les segments d’inlet selon le cas.,Composante y de la vitesse prescrite sur l’entrée bottom.,simulation_params.h; params_io_base.cpp
Entrées/sorties — vitesse,inletUxTop,,double,0.0,nombre réel fini,Utilisé par les faces inlet et les segments d’inlet selon le cas.,Composante x de la vitesse prescrite sur l’entrée top.,simulation_params.h; params_io_base.cpp
Entrées/sorties — vitesse,inletUyTop,,double,0.0,nombre réel fini,Utilisé par les faces inlet et les segments d’inlet selon le cas.,Composante y de la vitesse prescrite sur l’entrée top.,simulation_params.h; params_io_base.cpp
Entrées/sorties — rampe,inletVelocityRampEnable,inletRampEnable,booléen,false,booléen: true/1/yes/on ou false/0/no/off,,Active une rampe temporelle multiplicative sur les vitesses/flux d’entrée.,simulation_params.h; params_io_base.cpp
Entrées/sorties — rampe,inletVelocityRampStartTime,inletRampStartTime,double,0.0,nombre réel fini,"Si rampe active, EndTime >= StartTime.",Temps de début de la rampe d’entrée.,simulation_params.h; params_io_base.cpp
Entrées/sorties — rampe,inletVelocityRampEndTime,inletRampEndTime,double,0.0,nombre réel fini,"Si rampe active, EndTime >= StartTime.",Temps de fin de la rampe d’entrée.,simulation_params.h; params_io_base.cpp
Entrées/sorties — rampe,inletVelocityRampInitialFactor,inletRampInitialFactor,double,0.0,nombre réel fini,Si rampe active.,Facteur multiplicatif initial de vitesse/flux d’entrée.,simulation_params.h; params_io_base.cpp
Entrées/sorties — rampe,inletVelocityRampFinalFactor,inletRampFinalFactor,double,1.0,nombre réel fini,Si rampe active.,Facteur multiplicatif final de vitesse/flux d’entrée.,simulation_params.h; params_io_base.cpp
Entrées/sorties — rampe,inletVelocityRampProfile,inletRampProfile,enum string,linear,linear; smoothstep,Si rampe active.,Loi d’interpolation temporelle de la rampe.,simulation_params.h; params_io_base.cpp
Entrées/sorties — profil spatial,inletVelocitySpatialProfile,inletSpatialProfile; inletProfile; openBoundaryVelocityProfile,enum string,uniform,uniform; poiseuille_y; poiseuille_y_mean; poiseuille_y_max; flat_taper_y; flat_taper_y_mean,Les tirets sont normalisés en underscores.,Profil spatial de vitesse/flux imposé sur les entrées.,simulation_params.h; params_io_base.cpp
Entrées/sorties — profil spatial,inletVelocityWallTaperCells,inletWallTaperCells; openBoundaryVelocityWallTaperCells,double,2.0,>= 0,Utilisé par les profils flat_taper_y.,"Largeur du lissage/taper près des murs, exprimée en cellules.",simulation_params.h; params_io_base.cpp
Entrées/sorties — injection,inletKBT,,double,-1.0,négatif => hérite de kBT; sinon >0 recommandé,"Si inletThermalNoise>0 et inletKBT<0, kBT doit être >0.",Température cinétique imposée aux particules injectées.,simulation_params.h; params_io_base.cpp
Entrées/sorties — injection,inletThermalNoise,,double,1.0,>= 0,,Amplitude du bruit thermique Maxwellien ajouté à l’inlet; 0 donne une vitesse déterministe.,simulation_params.h; params_io_base.cpp
Entrées/sorties — injection,inletInjectionMode,,enum string,cuda_recycle,cuda_recycle; thin_slab; hard_cell_density; hard_density; hard; cell_density,Validé seulement si une frontière inlet/outlet est présente.,Mode historique de réinjection/recyclage des particules à l’entrée.,simulation_params.h; params_io_base.cpp
Entrées/sorties — injection,inletSlabCells,inletInjectionSlabCells,double,1.0,> 0,Utilisé dans les modes de recyclage/injection en slab.,Épaisseur de la dalle d’injection en nombre de cellules locales.,simulation_params.h; params_io_base.cpp
Entrées/sorties — injection,inletRandomizeTangential,inletRandomizeTransverse; inletRandomizeY; injectRandomY,booléen,true,booléen: true/1/yes/on ou false/0/no/off,,Randomise la coordonnée tangentielle des particules injectées.,simulation_params.h; params_io_base.cpp
Entrées/sorties — injection,inletReinjectBackflow,reinjectBackflow,booléen,true,booléen: true/1/yes/on ou false/0/no/off,,Réinjecte les particules traversant une entrée dans le mauvais sens au lieu de les laisser sortir.,simulation_params.h; params_io_base.cpp
Entrées/sorties — réservoir dur,inletReservoirMode,,enum string,recycle,recycle; cuda_recycle; thin_slab; hard_cell_density; hard_density; hard; cell_density; default,hard_cell_density exige inletReservoirCells>0 et inletTargetOccupancy>0.,Mode de réservoir d’entrée; les alias cuda_recycle/thin_slab sont normalisés vers recycle.,simulation_params.h; params_io_base.cpp
Entrées/sorties — réservoir dur,inletReservoirCells,inletDensityCells,entier,1,> 0 si hard_cell_density,Utilisé par le mode hard_cell_density.,Épaisseur du réservoir d’entrée en nombre de cellules.,simulation_params.h; params_io_base.cpp
Entrées/sorties — réservoir dur,inletTargetOccupancy,inletTargetN; inletGamma,entier,0,> 0 si hard_cell_density,Souvent choisi égal à gamma.,Nombre cible de particules par cellule de réservoir dur.,simulation_params.h; params_io_base.cpp
Entrées/sorties — réservoir dur,inletHardCellVelocityMean,,booléen,true,booléen: true/1/yes/on ou false/0/no/off,Mode hard_cell_density.,Recentre les vitesses injectées pour imposer exactement la moyenne de cellule.,simulation_params.h; params_io_base.cpp
Entrées/sorties — réservoir dur,inletHardCellThermalRescale,,booléen,true,booléen: true/1/yes/on ou false/0/no/off,Mode hard_cell_density.,Rescale les fluctuations thermiques de la cellule d’entrée.,simulation_params.h; params_io_base.cpp
Entrées/sorties — segments,openBoundarySegmentsEnable,,booléen,false,booléen: true/1/yes/on ou false/0/no/off,"Si true, openBoundarySegmentCount>0 et chaque openBoundarySegmentK requis.",Active les segments compacts inlet/outlet sur des faces autrement wall-like.,simulation_params.h; params_io_base.cpp
Entrées/sorties — segments,openBoundarySegmentCount,,entier,0,0 si désactivé; 1..16 si activé,Limite codée: 16 segments.,Nombre de segments ouverts définis.,simulation_params.h; params_io_base.cpp
Entrées/sorties — segments,openBoundarySegmentK,openBoundarySegment0 ... openBoundarySegment{N-1},record,(aucun),"face mode sMin sMax ux uy type mass; face={left,right,bottom,top}; mode=inlet/input/outlet/output/open; 0<=sMin<sMax<=1; mass>0",N=openBoundarySegmentCount. Les segments d’une même face ne doivent pas se chevaucher.,Déclaration d’un segment relatif sur une face solide/specular/bounceback.,simulation_params.h; params_io_base.cpp
Entrées/sorties — sortie Q6,openBoundaryOutletMode,openOutletBoundaryMode; outletBoundaryMode; q6q9OutletBoundaryMode,enum string,balanced_flux,balanced_flux; prescribed_flux; balanced; prescribed; dirichlet; neumann; free; zero_gradient; zero_normal_gradient; hybrid; neumann_feedback; hybrid_feedback,Les segments de sortie exigent neumann/free/zero_gradient/zero_normal_gradient ou hybrid/neumann_feedback/hybrid_feedback.,Politique de flux de sortie pour la projection Q6 open-boundary.,simulation_params.h; params_io_base.cpp
Entrées/sorties — sortie Q6,openBoundaryOutletHybridBlend,outletHybridBlend; openOutletHybridBlend,double,0.0,"[0,1]","Utilisé uniquement en mode hybrid; pour sorties segmentées hybrid, doit rester 0.",Mélange entre profil local Neumann et profil équilibré.,simulation_params.h; params_io_base.cpp
Entrées/sorties — sortie Q6,openBoundaryOutletFeedbackGain,outletFeedbackGain; openOutletFeedbackGain; openBoundaryOutletMassFeedbackGain,double,0.0,"[0,1]",Utilisé uniquement en mode hybrid/neumann_feedback/hybrid_feedback.,Gain du feedback global outlet-only sur le déséquilibre de flux.,simulation_params.h; params_io_base.cpp
Parois,wallVpEnable,,booléen,false,booléen: true/1/yes/on ou false/0/no/off,,Active explicitement le couplage virtual-particle de paroi legacy.,simulation_params.h; params_io_base.cpp
Parois,wallVpMode,,enum string,thermal,thermal; deterministic_thermal; stochastic_fraction,,Mode de couplage thermique de paroi; stochastic_fraction est accepté comme alias legacy.,simulation_params.h; params_io_base.cpp
Parois,wallAccommodation,,double,1.0,"[0,1]",,"Coefficient d’accommodation de paroi: 0 glissant/specular-like, 1 couplage thermique complet.",simulation_params.h; params_io_base.cpp
Parois,wallVpGamma,,double,0.0,>= 0; 0 infère l’occupation moyenne réelle,,Population virtuelle de paroi dans une cellule de collision entièrement solide.,simulation_params.h; params_io_base.cpp
Parois,wallVpMass,,double,1.0,> 0,,Masse des particules virtuelles/agrégat de paroi.,simulation_params.h; params_io_base.cpp
Parois,wallKBT,,double,-1.0,négatif => hérite de kBT; sinon >0 si couplage actif,"Si paroi active et accommodation>0, kBT doit être >0 si wallKBT/wallVpKBT sont négatifs.",Température cinétique de paroi.,simulation_params.h; params_io_base.cpp
Parois,wallVpKBT,,double,-1.0,alias legacy thermique; négatif => hérite de kBT; 0 invalide si actif,Utilisé comme fallback si wallKBT n’est pas positif.,Ancien paramètre de température de paroi VP.,simulation_params.h; params_io_base.cpp
Parois,wallThermalNoise,,double,1.0,>= 0,,Amplitude du bruit thermique de paroi; 0 donne un couplage déterministe.,simulation_params.h; params_io_base.cpp
Parois — vitesses,wallVpUxLeft,wallUxLeft,double,0.0,nombre réel fini,,Composante x de la vitesse de paroi sur la face left.,simulation_params.h; params_io_base.cpp
Parois — vitesses,wallVpUyLeft,wallUyLeft,double,0.0,nombre réel fini,,Composante y de la vitesse de paroi sur la face left.,simulation_params.h; params_io_base.cpp
Parois — vitesses,wallVpUxRight,wallUxRight,double,0.0,nombre réel fini,,Composante x de la vitesse de paroi sur la face right.,simulation_params.h; params_io_base.cpp
Parois — vitesses,wallVpUyRight,wallUyRight,double,0.0,nombre réel fini,,Composante y de la vitesse de paroi sur la face right.,simulation_params.h; params_io_base.cpp
Parois — vitesses,wallVpUxBottom,wallUxBottom,double,0.0,nombre réel fini,,Composante x de la vitesse de paroi sur la face bottom.,simulation_params.h; params_io_base.cpp
Parois — vitesses,wallVpUyBottom,wallUyBottom,double,0.0,nombre réel fini,,Composante y de la vitesse de paroi sur la face bottom.,simulation_params.h; params_io_base.cpp
Parois — vitesses,wallVpUxTop,wallUxTop,double,0.0,nombre réel fini,,Composante x de la vitesse de paroi sur la face top.,simulation_params.h; params_io_base.cpp
Parois — vitesses,wallVpUyTop,wallUyTop,double,0.0,nombre réel fini,,Composante y de la vitesse de paroi sur la face top.,simulation_params.h; params_io_base.cpp
Solide immergé,immersedSolidEnable,immersedCircleEnable,booléen,false,booléen: true/1/yes/on ou false/0/no/off,,Active un solide immergé analytique.,simulation_params.h; params_io_base.cpp
Solide immergé,immersedSolidShape,,enum string,circle,circle; disk; disc; rectangle; rect; box; step,immersedCircleEnable sans shape force circle.,Forme du solide immergé.,simulation_params.h; params_io_base.cpp
Solide immergé,immersedSolidFractionSamples,immersedCircleFractionSamples,entier,4,> 0,,Nombre d’échantillons pour estimer la fraction fluide/solide des cellules.,simulation_params.h; params_io_base.cpp
Solide immergé — cercle,immersedSolidCx,immersedCircleCx,double,0.5,nombre réel fini,Le cercle doit rester dans le domaine actif au début et à la fin.,Abscisse initiale du centre du cercle.,simulation_params.h; params_io_base.cpp
Solide immergé — cercle,immersedSolidCy,immersedCircleCy,double,0.5,nombre réel fini,Le cercle doit rester dans le domaine actif au début et à la fin.,Ordonnée initiale du centre du cercle.,simulation_params.h; params_io_base.cpp
Solide immergé — cercle,immersedSolidR,immersedCircleR,double,0.1,> 0 si shape=circle/disk/disc,,Rayon du cercle immergé.,simulation_params.h; params_io_base.cpp
Solide immergé — mouvement,immersedSolidVx,immersedCircleVx,double,0.0,nombre réel fini,Q6 avec masque immergé impose actuellement Vx=Vy=Omega=0.,Vitesse de translation du solide en x.,simulation_params.h; params_io_base.cpp
Solide immergé — mouvement,immersedSolidVy,immersedCircleVy,double,0.0,nombre réel fini,Q6 avec masque immergé impose actuellement Vx=Vy=Omega=0.,Vitesse de translation du solide en y.,simulation_params.h; params_io_base.cpp
Solide immergé — mouvement,immersedSolidWallUx,immersedCircleWallUx,double,0.0,nombre réel fini,,Offset uniforme de vitesse de paroi du solide en x.,simulation_params.h; params_io_base.cpp
Solide immergé — mouvement,immersedSolidWallUy,immersedCircleWallUy,double,0.0,nombre réel fini,,Offset uniforme de vitesse de paroi du solide en y.,simulation_params.h; params_io_base.cpp
Solide immergé — mouvement,immersedSolidOmega,immersedCircleOmega,double,0.0,nombre réel fini,Implémenté seulement pour le cercle; rectangle exige Omega=0.,"Vitesse angulaire du cercle, positive antihoraire.",simulation_params.h; params_io_base.cpp
Solide immergé — rectangle,immersedSolidXMin,,double,0.0,nombre réel fini,Rectangle: XMax>XMin; doit rester dans le domaine actif.,Borne x minimale du rectangle.,simulation_params.h; params_io_base.cpp
Solide immergé — rectangle,immersedSolidXMax,,double,0.25,nombre réel fini,Rectangle: XMax>XMin; doit rester dans le domaine actif.,Borne x maximale du rectangle.,simulation_params.h; params_io_base.cpp
Solide immergé — rectangle,immersedSolidYMin,,double,0.0,nombre réel fini,Rectangle: YMax>YMin; doit rester dans le domaine actif.,Borne y minimale du rectangle.,simulation_params.h; params_io_base.cpp
Solide immergé — rectangle,immersedSolidYMax,,double,0.50,nombre réel fini,Rectangle: YMax>YMin; doit rester dans le domaine actif.,Borne y maximale du rectangle.,simulation_params.h; params_io_base.cpp
Thermostat,thermostatEnable,,booléen,false,booléen: true/1/yes/on ou false/0/no/off,,Active le thermostat mass-aware par cellule.,simulation_params.h; params_io_base.cpp
Thermostat,thermostatMode,,enum string,cell_relative_rescale,cell_relative_rescale,Si thermostatEnable=true.,Mode de thermostat: rescale des vitesses relatives au centre de masse cellulaire.,simulation_params.h; params_io_base.cpp
Thermostat,thermostatEvery,,entier,1,>0 si thermostatEnable=true,,Cadence du thermostat en pas de temps.,simulation_params.h; params_io_base.cpp
Thermostat,thermostatTargetKBT,,double,-1.0,négatif => hérite de kBT; sinon >0; 0 invalide si actif,"Si thermostatEnable=true et valeur négative, kBT doit être >0.",Température cinétique cible du thermostat.,simulation_params.h; params_io_base.cpp
Thermostat,thermostatMinParticles,,entier,3,>=2 si thermostatEnable=true,,Nombre minimal de particules d’une cellule pour thermostat.,simulation_params.h; params_io_base.cpp
Thermostat,thermostatEpsilon,,double,1.0e-30,>0 si thermostatEnable=true,,Seuil numérique anti-division par zéro du thermostat.,simulation_params.h; params_io_base.cpp
Thermostat,kBT,,double,0.0,>=0 usuel; doit être >0 quand hérité par thermostat/paroi/inlet bruité,Référence thermique globale.,Température cinétique globale de référence.,simulation_params.h; params_io_base.cpp
Projection Q6 / elliptique,projectionEnable,,booléen,false,booléen: true/1/yes/on ou false/0/no/off,,Active la projection incompressible Q6.,simulation_params.h; params_io_base.cpp
Projection Q6 / elliptique,projectionOperator,,enum string,periodic_fv_cg,periodic_fv_cg; channel_fv_cg; auto_fv_cg; elliptic_fv_cg,Si projectionEnable=true.,Opérateur elliptique/div-grad utilisé par la projection.,simulation_params.h; params_io_base.cpp
Projection Q6 / elliptique,projectionMaxIterations,,entier,300,>=0,Si projectionEnable=true.,Nombre maximal d’itérations CG.,simulation_params.h; params_io_base.cpp
Projection Q6 / elliptique,projectionTolerance,,double,1.0e-10,>0,Si projectionEnable=true.,Tolérance relative/numérique du solveur de projection.,simulation_params.h; params_io_base.cpp
Projection Q6 / elliptique,projectionMomentumCorrectionEnable,,booléen,true,booléen: true/1/yes/on ou false/0/no/off,,Active la correction globale de quantité de mouvement après projection.,simulation_params.h; params_io_base.cpp
Projection Q6 / elliptique,q6ProjectionStrength,projectionStrength,double,1.0,"[0,1]",Si projectionEnable=true.,Sous-relaxation de la correction fluide-fluide Q6.,simulation_params.h; params_io_base.cpp
Projection Q6 / solide immergé,projectionImmersedSolidMaskEnable,,booléen,false,booléen: true/1/yes/on ou false/0/no/off,"Q6 + immersedSolidEnable exige true, sauf debug explicite.",Active le masque solide immergé dans la projection.,simulation_params.h; params_io_base.cpp
Projection Q6 / solide immergé,projectionAllowUnmaskedImmersedSolid,,booléen,false,booléen: true/1/yes/on ou false/0/no/off,À réserver aux tests/debug.,Autorise explicitement Q6 avec solide immergé non masqué.,simulation_params.h; params_io_base.cpp
Projection Q6 / solide immergé,projectionImmersedSolidFluidFractionThreshold,,double,0.5,"[0,1]",Si projectionEnable=true.,Seuil de fraction fluide pour classer/masquer les cellules solides.,simulation_params.h; params_io_base.cpp
Projection Q6 / solide immergé,projectionImmersedSolidCloseCutFaces,,booléen,true,booléen: true/1/yes/on ou false/0/no/off,,Ferme les faces coupées par le solide immergé dans la projection.,simulation_params.h; params_io_base.cpp
Réponse capacité fermée / viriel,closedCapacityResponseEnable,,booléen,false,booléen: true/1/yes/on ou false/0/no/off,,Active la réponse à la surcapacité/overfill en domaine fermé.,simulation_params.h; params_io_base.cpp
Réponse capacité fermée / viriel,closedCapacityReferenceCellMass,,double,0.0,>=0; 0 => inférer,"Si réponse active, il faut pouvoir inférer via ce champ, resamplingTargetCellMass ou inletTargetOccupancy.",Masse de référence par cellule fluide.,simulation_params.h; params_io_base.cpp
Réponse capacité fermée / viriel,closedCapacityReferenceParticleMass,,double,1.0,>0,Utilisé pour inférer la masse cellule depuis inletTargetOccupancy.,Masse particulaire de référence.,simulation_params.h; params_io_base.cpp
Réponse capacité fermée / viriel,closedCapacityQ6Eta,,double,0.005,>0,Si réponse active.,Paramètre eta de réduction de la projection Q6 en surcapacité.,simulation_params.h; params_io_base.cpp
Réponse capacité fermée / viriel,closedCapacityQ6Power,,double,2.0,>0,Si réponse active.,Puissance de la loi de réduction Q6.,simulation_params.h; params_io_base.cpp
Réponse capacité fermée / viriel,closedCapacityMassRemapEta,,double,0.005,>0,Si réponse active.,Paramètre eta d’atténuation du remap de masse en surcapacité.,simulation_params.h; params_io_base.cpp
Réponse capacité fermée / viriel,closedCapacityMassRemapPower,,double,2.0,>0,Si réponse active.,Puissance de la loi d’atténuation du remap de masse.,simulation_params.h; params_io_base.cpp
Réponse capacité fermée / viriel,closedCapacityMassGuardDisableOnOverfill,,booléen,true,booléen: true/1/yes/on ou false/0/no/off,Si réponse active.,Désactive le mass guard lorsque l’overfill est détecté.,simulation_params.h; params_io_base.cpp
Réponse capacité fermée / viriel,closedCapacityVirialKickEnable,,booléen,false,booléen: true/1/yes/on ou false/0/no/off,Si réponse active.,Active le kick viriel faible lié à la surcapacité.,simulation_params.h; params_io_base.cpp
Réponse capacité fermée / viriel,closedCapacityVirialBaseK,,double,0.0,>=0,Si réponse active.,Raideur virielle de base.,simulation_params.h; params_io_base.cpp
Réponse capacité fermée / viriel,closedCapacityVirialGain,,double,20.0,>=0,Si réponse active.,Gain de la composante virielle pilotée par l’overfill.,simulation_params.h; params_io_base.cpp
Réponse capacité fermée / viriel,closedCapacityVirialEta,,double,0.005,>0,Si réponse active.,Paramètre eta de la loi virielle.,simulation_params.h; params_io_base.cpp
Réponse capacité fermée / viriel,closedCapacityVirialPower,,double,2.0,>0,Si réponse active.,Puissance de la loi virielle.,simulation_params.h; params_io_base.cpp
Réponse capacité fermée / viriel,closedCapacityVirialKickStrength,,double,1.0,>=0,Si réponse active et kick viriel actif.,Intensité multiplicative du kick viriel.,simulation_params.h; params_io_base.cpp
Réponse capacité fermée / viriel,closedCapacityVirialMomentumCorrectionEnable,,booléen,true,booléen: true/1/yes/on ou false/0/no/off,Si réponse active et kick viriel actif.,Corrige globalement le moment après kick viriel.,simulation_params.h; params_io_base.cpp
Réponse capacité fermée / viriel,closedCapacityInletMassFluxEnable,,booléen,false,booléen: true/1/yes/on ou false/0/no/off,Si réponse active.,Active une loi de flux de masse d’entrée pilotée par capacité.,simulation_params.h; params_io_base.cpp
Réponse capacité fermée / viriel,closedCapacityInletMassFluxMultiplier,,double,1.0,>=0,Si réponse active.,Multiplicateur du flux de masse inlet piloté par capacité.,simulation_params.h; params_io_base.cpp
Resampling pondéré — cible,resamplingTargetCellMass,weightedResamplingTargetCellMass,double,0.0,>=0; 0 => infère la masse moyenne courante,,Masse cible par cellule pour diagnostics/remap resampling.,simulation_params.h; params_io_base.cpp
Resampling pondéré — masque wet,resamplingWetMaskMode,,enum string,active_domain,active_domain; occupied,Les tirets sont normalisés en underscores.,Définition des cellules wet/actives pour le resampling.,simulation_params.h; params_io_base.cpp
Resampling pondéré — masque wet,resamplingWetCellMassThreshold,resamplingWetMassThreshold,double,0.0,>=0,,Seuil de masse minimale d’une cellule wet.,simulation_params.h; params_io_base.cpp
Resampling pondéré — seuils pauvre/riche,resamplingPoorCellMassFraction,resamplingPoorMassFraction,double,0.5,>=0,,Fraction de masse cible sous laquelle une cellule est pauvre.,simulation_params.h; params_io_base.cpp
Resampling pondéré — seuils pauvre/riche,resamplingRichCellMassFraction,resamplingRichMassFraction,double,1.5,> resamplingPoorCellMassFraction,,Fraction de masse cible au-dessus de laquelle une cellule est riche.,simulation_params.h; params_io_base.cpp
Resampling pondéré — masque wet,resamplingActiveFluidFractionThreshold,,double,0.5,"[0,1]",,Seuil de fraction fluide active pour considérer une cellule éligible.,simulation_params.h; params_io_base.cpp
Resampling pondéré — switches,resamplingEnable,weightedResamplingEnable,booléen,false,booléen: true/1/yes/on ou false/0/no/off,,Switch maître de toutes les opérations de rôle/changement de population.,simulation_params.h; params_io_base.cpp
Resampling pondéré — switches,resamplingExtractionEnable,,booléen,false,booléen: true/1/yes/on ou false/0/no/off,"Si insertion=true, extraction doit être true.",Active l’extraction Fluid -> Inactive depuis cellules riches.,simulation_params.h; params_io_base.cpp
Resampling pondéré — switches,resamplingInsertionEnable,,booléen,false,booléen: true/1/yes/on ou false/0/no/off,Exige resamplingExtractionEnable=true.,Active l’insertion Inactive -> Fluid vers cellules pauvres.,simulation_params.h; params_io_base.cpp
Resampling pondéré — switches,resamplingRemapEnable,,booléen,false,booléen: true/1/yes/on ou false/0/no/off,,Active le remap/renormalisation locale de masse.,simulation_params.h; params_io_base.cpp
Resampling pondéré — switches,resamplingThermalRenormalizationEnable,resamplingThermalRenormalisationEnable,booléen,false,booléen: true/1/yes/on ou false/0/no/off,,Active la correction thermique liée au resampling.,simulation_params.h; params_io_base.cpp
Resampling pondéré — masse,resamplingMassRenormalizationPeriod,resamplingMassRenormalisationPeriod; resamplingRemapPeriod; resamplingMassRemapPeriod,entier,1,>=0; 0 désactive remap/guard de masse,,Période K de renormalisation/remap de masse.,simulation_params.h; params_io_base.cpp
Resampling pondéré — masse,resamplingMassGuardEnable,resamplingMassSafetyEnable,booléen,false,booléen: true/1/yes/on ou false/0/no/off,Exige resamplingRemapEnable=true.,Active le garde de bornes de masse particulaire.,simulation_params.h; params_io_base.cpp
Resampling pondéré — masse,resamplingParticleMassMin,resamplingMassMin,double,0.25,>=0,,Borne inférieure de masse particulaire.,simulation_params.h; params_io_base.cpp
Resampling pondéré — masse,resamplingParticleMassMax,resamplingMassMax,double,4.0,> resamplingParticleMassMin,,Borne supérieure de masse particulaire.,simulation_params.h; params_io_base.cpp
Resampling pondéré — latent,resamplingLatentActivationEnable,resamplingLatentToFluidEnable,booléen,false,booléen: true/1/yes/on ou false/0/no/off,,Active la conversion Latent -> Fluid pour remplir les cellules pauvres/vides.,simulation_params.h; params_io_base.cpp
Resampling pondéré — latent,resamplingLatentActivationMaxPerCell,,entier,1,>0 si activation latente active,,Nombre maximal d’activations latentes par cellule.,simulation_params.h; params_io_base.cpp
Resampling pondéré — latent,resamplingLatentActivationParticleMass,resamplingLatentParticleMass,double,0.0,>=0; 0 => targetCellMass/maxPerCell,,Masse attribuée aux particules activées depuis latent.,simulation_params.h; params_io_base.cpp
Resampling pondéré — population,resamplingPopulationNMin,resamplingNMin,entier,0,>=0; 0 avec les deux autres bornes => inférence,"Si explicite, NMin<NTarget<NMax.",Borne basse de population par cellule.,simulation_params.h; params_io_base.cpp
Resampling pondéré — population,resamplingPopulationNTarget,resamplingNTarget,entier,0,>=0; 0 avec les deux autres bornes => inférence,"Si explicite, NMin<NTarget<NMax.",Population cible par cellule.,simulation_params.h; params_io_base.cpp
Resampling pondéré — population,resamplingPopulationNMax,resamplingNMax,entier,0,>=0; 0 avec les deux autres bornes => inférence,"Si explicite, NMin<NTarget<NMax.",Borne haute de population par cellule.,simulation_params.h; params_io_base.cpp
Resampling pondéré — population,resamplingPopulationNMinFraction,resamplingNMinFraction,double,0.70,"(0,1]",Si resamplingEnable=true.,Fraction utilisée pour inférer NMin.,simulation_params.h; params_io_base.cpp
Resampling pondéré — population,resamplingPopulationNMaxFraction,resamplingNMaxFraction,double,1.30,>=1,Si resamplingEnable=true.,Fraction utilisée pour inférer NMax.,simulation_params.h; params_io_base.cpp
Resampling pondéré — population,resamplingPopulationMaxSplitsPerCell,resamplingNMaxSplitsPerCell,entier,16,>=0,Si resamplingEnable=true.,Limite de splits par cellule et par step.,simulation_params.h; params_io_base.cpp
Resampling pondéré — population,resamplingPopulationMaxSplitsPerStep,resamplingNMaxSplitsPerStep,entier,200000,>=0,Si resamplingEnable=true.,Limite globale de splits par step.,simulation_params.h; params_io_base.cpp
Resampling pondéré — population,resamplingPopulationMaxExtractionsPerCell,resamplingNMaxExtractionsPerCell,entier,64,>=0,Si resamplingEnable=true.,Limite d’extractions par cellule et par step.,simulation_params.h; params_io_base.cpp
Resampling pondéré — population,resamplingPopulationMaxExtractionsPerStep,resamplingNMaxExtractionsPerStep,entier,200000,>=0,Si resamplingEnable=true.,Limite globale d’extractions par step.,simulation_params.h; params_io_base.cpp
