name,entry_type,category,status,expected_type,default,values_constraints,canonical_field_target,aliases,effect_role,remarks,sources,source_inventory
darcyBrinkmanEnable,kv_param,Darcy/Brinkman — activation,ajout 0343; complété 0426,booléen,false,true/false,DarcyBrinkmanConfig.enabled,,Active le module de pénalisation Darcy--Brinkman piloté par chi.,"Le test darcyOff 0425/0426 a montré que le coût lent observé venait des flags CUDA, pas de ce booléen seul.",scripts/run_src_classic_cuda_darcy_chi_lr_segments_0411.sh; scripts/run_src_classic_cuda_darcy_chi_naca_periodic_0414.sh; scripts/run_src_classic_cuda_darcy_chi_vonkarman_periodic_0416.sh; scripts/run_src_classic_cuda_darcy_chi_backward_step_0425.sh; doc/README_0426_DARCY_FASTFLAGS.md,src_mpcd_params_inventory_consolidated_0365.csv + compléments Darcy/Brinkman/livevis 0411-0426
darcyChiMode,kv_param,Darcy/Brinkman — champ chi,ajout 0345,chaîne,analytic,analytic|file,DarcyBrinkmanConfig.chiMode,,Sélectionne un chi analytique ou un champ chi externe lu depuis fichier.,Le mode file est la voie recommandée pour géométries arbitraires et optimisation externe.,scripts/run_src_classic_cuda_darcy_chi_lr_segments_0411.sh; scripts/run_src_classic_cuda_darcy_chi_naca_periodic_0414.sh; scripts/run_src_classic_cuda_darcy_chi_vonkarman_periodic_0416.sh; scripts/run_src_classic_cuda_darcy_chi_backward_step_0425.sh; doc/README_0426_DARCY_FASTFLAGS.md,src_mpcd_params_inventory_consolidated_0365.csv + compléments Darcy/Brinkman/livevis 0411-0426
darcyChiFile,kv_param,Darcy/Brinkman — champ chi,ajout 0345,chemin fichier,,fichier .f32/.png selon script; doit correspondre à darcyChiNx/Ny,DarcyBrinkmanConfig.chiFile,"CHI_FILE,DARCY_CHI_FILE",Chemin du champ chi externe utilisé par le solveur.,"Convention : chi=1 fluide libre, chi=0 solide/poreux.",scripts/run_src_classic_cuda_darcy_chi_lr_segments_0411.sh; scripts/run_src_classic_cuda_darcy_chi_naca_periodic_0414.sh; scripts/run_src_classic_cuda_darcy_chi_vonkarman_periodic_0416.sh; scripts/run_src_classic_cuda_darcy_chi_backward_step_0425.sh; doc/README_0426_DARCY_FASTFLAGS.md,src_mpcd_params_inventory_consolidated_0365.csv + compléments Darcy/Brinkman/livevis 0411-0426
darcyChiFileFormat,kv_param,Darcy/Brinkman — champ chi,ajout 0345,chaîne,float32,float32; autres formats selon lecteurs disponibles,DarcyBrinkmanConfig.chiFileFormat,"CHI_FILE_FORMAT,DARCY_CHI_FILE_FORMAT",Format de stockage du champ chi externe.,Les scripts de démonstration utilisent majoritairement float32 row-major.,scripts/run_src_classic_cuda_darcy_chi_lr_segments_0411.sh; scripts/run_src_classic_cuda_darcy_chi_naca_periodic_0414.sh; scripts/run_src_classic_cuda_darcy_chi_vonkarman_periodic_0416.sh; scripts/run_src_classic_cuda_darcy_chi_backward_step_0425.sh; doc/README_0426_DARCY_FASTFLAGS.md,src_mpcd_params_inventory_consolidated_0365.csv + compléments Darcy/Brinkman/livevis 0411-0426
darcyChiNx,kv_param,Darcy/Brinkman — champ chi,ajout 0345,entier,Nx,>0; doit correspondre à la grille,DarcyBrinkmanConfig.darcyChiNx,,Dimension x du champ chi externe.,Doit rester cohérente avec la grille de simulation.,scripts/run_src_classic_cuda_darcy_chi_lr_segments_0411.sh; scripts/run_src_classic_cuda_darcy_chi_naca_periodic_0414.sh; scripts/run_src_classic_cuda_darcy_chi_vonkarman_periodic_0416.sh; scripts/run_src_classic_cuda_darcy_chi_backward_step_0425.sh; doc/README_0426_DARCY_FASTFLAGS.md,src_mpcd_params_inventory_consolidated_0365.csv + compléments Darcy/Brinkman/livevis 0411-0426
darcyChiNy,kv_param,Darcy/Brinkman — champ chi,ajout 0345,entier,Ny,>0; doit correspondre à la grille,DarcyBrinkmanConfig.darcyChiNy,,Dimension y du champ chi externe.,Doit rester cohérente avec la grille de simulation.,scripts/run_src_classic_cuda_darcy_chi_lr_segments_0411.sh; scripts/run_src_classic_cuda_darcy_chi_naca_periodic_0414.sh; scripts/run_src_classic_cuda_darcy_chi_vonkarman_periodic_0416.sh; scripts/run_src_classic_cuda_darcy_chi_backward_step_0425.sh; doc/README_0426_DARCY_FASTFLAGS.md,src_mpcd_params_inventory_consolidated_0365.csv + compléments Darcy/Brinkman/livevis 0411-0426
darcyAlphaMin,kv_param,Darcy/Brinkman — interpolation alpha,ajout 0343,double,0.0,>=0,DarcyBrinkmanConfig.alphaMin,"ALPHA_MIN,DARCY_ALPHA_MIN",Valeur minimale de la résistance alpha dans le fluide libre.,Typiquement 0 pour ne pas freiner le fluide chi=1.,scripts/run_src_classic_cuda_darcy_chi_lr_segments_0411.sh; scripts/run_src_classic_cuda_darcy_chi_naca_periodic_0414.sh; scripts/run_src_classic_cuda_darcy_chi_vonkarman_periodic_0416.sh; scripts/run_src_classic_cuda_darcy_chi_backward_step_0425.sh; doc/README_0426_DARCY_FASTFLAGS.md,src_mpcd_params_inventory_consolidated_0365.csv + compléments Darcy/Brinkman/livevis 0411-0426
darcyAlphaMax,kv_param,Darcy/Brinkman — interpolation alpha,ajout 0343; complété 0425/0426,double,"variable : 80, 8000, 800000 selon script",>=0,DarcyBrinkmanConfig.alphaMax,"ALPHA,DARCY_ALPHA_MAX",Valeur maximale de résistance dans les zones chi≈0.,0425 backward step validé avec alphaMax=8e5 dans mean_outward_bath+chiVP après fastflags.,scripts/run_src_classic_cuda_darcy_chi_lr_segments_0411.sh; scripts/run_src_classic_cuda_darcy_chi_naca_periodic_0414.sh; scripts/run_src_classic_cuda_darcy_chi_vonkarman_periodic_0416.sh; scripts/run_src_classic_cuda_darcy_chi_backward_step_0425.sh; doc/README_0426_DARCY_FASTFLAGS.md,src_mpcd_params_inventory_consolidated_0365.csv + compléments Darcy/Brinkman/livevis 0411-0426
darcyQ,kv_param,Darcy/Brinkman — interpolation alpha,ajout 0343,double,0.1,>0,DarcyBrinkmanConfig.q,DARCY_Q,Paramètre de raideur de l’interpolation Borrvall--Petersson alpha(chi).,Plus petit q accentue la transition solide/fluide.,scripts/run_src_classic_cuda_darcy_chi_lr_segments_0411.sh; scripts/run_src_classic_cuda_darcy_chi_naca_periodic_0414.sh; scripts/run_src_classic_cuda_darcy_chi_vonkarman_periodic_0416.sh; scripts/run_src_classic_cuda_darcy_chi_backward_step_0425.sh; doc/README_0426_DARCY_FASTFLAGS.md,src_mpcd_params_inventory_consolidated_0365.csv + compléments Darcy/Brinkman/livevis 0411-0426
darcyUSolidX,kv_param,Darcy/Brinkman — vitesse solide,ajout 0343,double,0.0,réel,DarcyBrinkmanConfig.uSolidX,DARCY_USOLID_X,Composante x de la vitesse cible solide vers laquelle le frein Darcy relaxe.,,scripts/run_src_classic_cuda_darcy_chi_lr_segments_0411.sh; scripts/run_src_classic_cuda_darcy_chi_naca_periodic_0414.sh; scripts/run_src_classic_cuda_darcy_chi_vonkarman_periodic_0416.sh; scripts/run_src_classic_cuda_darcy_chi_backward_step_0425.sh; doc/README_0426_DARCY_FASTFLAGS.md,src_mpcd_params_inventory_consolidated_0365.csv + compléments Darcy/Brinkman/livevis 0411-0426
darcyUSolidY,kv_param,Darcy/Brinkman — vitesse solide,ajout 0343,double,0.0,réel,DarcyBrinkmanConfig.uSolidY,DARCY_USOLID_Y,Composante y de la vitesse cible solide vers laquelle le frein Darcy relaxe.,,scripts/run_src_classic_cuda_darcy_chi_lr_segments_0411.sh; scripts/run_src_classic_cuda_darcy_chi_naca_periodic_0414.sh; scripts/run_src_classic_cuda_darcy_chi_vonkarman_periodic_0416.sh; scripts/run_src_classic_cuda_darcy_chi_backward_step_0425.sh; doc/README_0426_DARCY_FASTFLAGS.md,src_mpcd_params_inventory_consolidated_0365.csv + compléments Darcy/Brinkman/livevis 0411-0426
darcyCostEvery,kv_param,Darcy/Brinkman — diagnostics,ajout 0343,entier,summaryEvery,>=1; grande valeur pour quasi-désactiver la cadence,DarcyBrinkmanConfig.costEvery,DARCY_COST_EVERY,Cadence d’écriture du fichier darcy_cost_0343.csv.,L’ablation 0425 a montré que ce n’était pas le poste dominant du ralentissement.,scripts/run_src_classic_cuda_darcy_chi_lr_segments_0411.sh; scripts/run_src_classic_cuda_darcy_chi_naca_periodic_0414.sh; scripts/run_src_classic_cuda_darcy_chi_vonkarman_periodic_0416.sh; scripts/run_src_classic_cuda_darcy_chi_backward_step_0425.sh; doc/README_0426_DARCY_FASTFLAGS.md,src_mpcd_params_inventory_consolidated_0365.csv + compléments Darcy/Brinkman/livevis 0411-0426
darcyCostFilename,kv_param,Darcy/Brinkman — diagnostics,ajout 0343,nom fichier,darcy_cost_0343.csv,chemin relatif outputDir,DarcyBrinkmanConfig.costFilename,,"Nom du CSV de diagnostics Darcy : puissance, fuite solide, moyenne chi/alpha, etc.",,scripts/run_src_classic_cuda_darcy_chi_lr_segments_0411.sh; scripts/run_src_classic_cuda_darcy_chi_naca_periodic_0414.sh; scripts/run_src_classic_cuda_darcy_chi_vonkarman_periodic_0416.sh; scripts/run_src_classic_cuda_darcy_chi_backward_step_0425.sh; doc/README_0426_DARCY_FASTFLAGS.md,src_mpcd_params_inventory_consolidated_0365.csv + compléments Darcy/Brinkman/livevis 0411-0426
darcyThreadsPerBlock,kv_param,Darcy/Brinkman — CUDA,ajout 0343,entier,256,multiple raisonnable de warp,DarcyBrinkmanConfig.threadsPerBlock,DARCY_THREADS_PER_BLOCK,Taille de bloc CUDA utilisée par les kernels Darcy.,,scripts/run_src_classic_cuda_darcy_chi_lr_segments_0411.sh; scripts/run_src_classic_cuda_darcy_chi_naca_periodic_0414.sh; scripts/run_src_classic_cuda_darcy_chi_vonkarman_periodic_0416.sh; scripts/run_src_classic_cuda_darcy_chi_backward_step_0425.sh; doc/README_0426_DARCY_FASTFLAGS.md,src_mpcd_params_inventory_consolidated_0365.csv + compléments Darcy/Brinkman/livevis 0411-0426
darcyInitialDeactivateBelowChi,kv_param,Darcy/Brinkman — état initial chi,ajout 0418,double,-1 ou 0.05 selon script,<0 désactive; sinon seuil chi,DarcyBrinkmanConfig.initialDeactivateBelowChi,DARCY_INITIAL_DEACTIVATE_BELOW_CHI,Désactive initialement les particules situées dans les cellules de chi inférieur au seuil.,Valeur 0.05 retenue pour backward step afin d’éviter une masse fluide initiale dans le solide.,scripts/run_src_classic_cuda_darcy_chi_lr_segments_0411.sh; scripts/run_src_classic_cuda_darcy_chi_naca_periodic_0414.sh; scripts/run_src_classic_cuda_darcy_chi_vonkarman_periodic_0416.sh; scripts/run_src_classic_cuda_darcy_chi_backward_step_0425.sh; doc/README_0426_DARCY_FASTFLAGS.md,src_mpcd_params_inventory_consolidated_0365.csv + compléments Darcy/Brinkman/livevis 0411-0426
darcyBrinkmanForcingMode,kv_param,Darcy/Brinkman — mode de forcing,ajout 0418-0420,chaîne,mean ou mean_outward_bath,mean|outward_bath|mean_outward_bath selon build,DarcyBrinkmanConfig.forcingMode,DARCY_BRINKMAN_FORCING_MODE,"Sélectionne le schéma de kick : moyenne cellulaire, bain orienté par grad chi, ou combinaison.",Le mode mean_outward_bath est le candidat solide-aware retenu pour backward step.,scripts/run_src_classic_cuda_darcy_chi_lr_segments_0411.sh; scripts/run_src_classic_cuda_darcy_chi_naca_periodic_0414.sh; scripts/run_src_classic_cuda_darcy_chi_vonkarman_periodic_0416.sh; scripts/run_src_classic_cuda_darcy_chi_backward_step_0425.sh; doc/README_0426_DARCY_FASTFLAGS.md,src_mpcd_params_inventory_consolidated_0365.csv + compléments Darcy/Brinkman/livevis 0411-0426
darcyChiCollisionVpEnable,kv_param,Darcy/Brinkman — chiVP collision,ajout 0422; complété 0424/0425,booléen,false ou true selon script,true/false,DarcyChiCollisionVpConfig.darcyChiCollisionVpEnable,DARCY_CHI_COLLISION_VP_ENABLE,Active les moments virtuels de collision dérivés de chi.,Pas de particules persistantes : contribution effective au centre de masse de collision.,scripts/run_src_classic_cuda_darcy_chi_lr_segments_0411.sh; scripts/run_src_classic_cuda_darcy_chi_naca_periodic_0414.sh; scripts/run_src_classic_cuda_darcy_chi_vonkarman_periodic_0416.sh; scripts/run_src_classic_cuda_darcy_chi_backward_step_0425.sh; doc/README_0426_DARCY_FASTFLAGS.md,src_mpcd_params_inventory_consolidated_0365.csv + compléments Darcy/Brinkman/livevis 0411-0426
darcyChiCollisionVpMode,kv_param,Darcy/Brinkman — chiVP collision,ajout 0422; complété 0424/0425,chaîne,interface_band,interface_band,DarcyChiCollisionVpConfig.darcyChiCollisionVpMode,DARCY_CHI_COLLISION_VP_MODE,Sélectionne la zone chi utilisée pour les moments virtuels.,Mode nominal : bande d’interface.,scripts/run_src_classic_cuda_darcy_chi_lr_segments_0411.sh; scripts/run_src_classic_cuda_darcy_chi_naca_periodic_0414.sh; scripts/run_src_classic_cuda_darcy_chi_vonkarman_periodic_0416.sh; scripts/run_src_classic_cuda_darcy_chi_backward_step_0425.sh; doc/README_0426_DARCY_FASTFLAGS.md,src_mpcd_params_inventory_consolidated_0365.csv + compléments Darcy/Brinkman/livevis 0411-0426
darcyChiCollisionVpGamma,kv_param,Darcy/Brinkman — chiVP collision,ajout 0422; complété 0424/0425,entier/double,-1,-1 hérite gamma nominal; sinon valeur explicite,DarcyChiCollisionVpConfig.darcyChiCollisionVpGamma,DARCY_CHI_COLLISION_VP_GAMMA,Occupation virtuelle de référence pour chiVP.,-1 utilisé dans les scripts pour rester cohérent avec GAMMA.,scripts/run_src_classic_cuda_darcy_chi_lr_segments_0411.sh; scripts/run_src_classic_cuda_darcy_chi_naca_periodic_0414.sh; scripts/run_src_classic_cuda_darcy_chi_vonkarman_periodic_0416.sh; scripts/run_src_classic_cuda_darcy_chi_backward_step_0425.sh; doc/README_0426_DARCY_FASTFLAGS.md,src_mpcd_params_inventory_consolidated_0365.csv + compléments Darcy/Brinkman/livevis 0411-0426
darcyChiCollisionVpMass,kv_param,Darcy/Brinkman — chiVP collision,ajout 0422; complété 0424/0425,double,1.0,>0,DarcyChiCollisionVpConfig.darcyChiCollisionVpMass,DARCY_CHI_COLLISION_VP_MASS,Masse unitaire virtuelle utilisée dans le moment effectif.,,scripts/run_src_classic_cuda_darcy_chi_lr_segments_0411.sh; scripts/run_src_classic_cuda_darcy_chi_naca_periodic_0414.sh; scripts/run_src_classic_cuda_darcy_chi_vonkarman_periodic_0416.sh; scripts/run_src_classic_cuda_darcy_chi_backward_step_0425.sh; doc/README_0426_DARCY_FASTFLAGS.md,src_mpcd_params_inventory_consolidated_0365.csv + compléments Darcy/Brinkman/livevis 0411-0426
darcyChiCollisionVpLayers,kv_param,Darcy/Brinkman — chiVP collision,ajout 0422; complété 0424/0425,entier,1,>=1,DarcyChiCollisionVpConfig.darcyChiCollisionVpLayers,DARCY_CHI_COLLISION_VP_LAYERS,Nombre de couches d’interface prises en compte.,,scripts/run_src_classic_cuda_darcy_chi_lr_segments_0411.sh; scripts/run_src_classic_cuda_darcy_chi_naca_periodic_0414.sh; scripts/run_src_classic_cuda_darcy_chi_vonkarman_periodic_0416.sh; scripts/run_src_classic_cuda_darcy_chi_backward_step_0425.sh; doc/README_0426_DARCY_FASTFLAGS.md,src_mpcd_params_inventory_consolidated_0365.csv + compléments Darcy/Brinkman/livevis 0411-0426
darcyChiCollisionVpThreshold,kv_param,Darcy/Brinkman — chiVP collision,ajout 0422; complété 0424/0425,double,0.5,0..1,DarcyChiCollisionVpConfig.darcyChiCollisionVpThreshold,DARCY_CHI_COLLISION_VP_THRESHOLD,Seuil chi pour détecter l’interface virtuelle.,,scripts/run_src_classic_cuda_darcy_chi_lr_segments_0411.sh; scripts/run_src_classic_cuda_darcy_chi_naca_periodic_0414.sh; scripts/run_src_classic_cuda_darcy_chi_vonkarman_periodic_0416.sh; scripts/run_src_classic_cuda_darcy_chi_backward_step_0425.sh; doc/README_0426_DARCY_FASTFLAGS.md,src_mpcd_params_inventory_consolidated_0365.csv + compléments Darcy/Brinkman/livevis 0411-0426
darcyChiCollisionVpStrength,kv_param,Darcy/Brinkman — chiVP collision,ajout 0422; complété 0424/0425,double,0.25 ou 1.0 selon script,>=0,DarcyChiCollisionVpConfig.darcyChiCollisionVpStrength,DARCY_CHI_COLLISION_VP_STRENGTH,Gain relatif de la contribution chiVP.,0.25 retenu après sweep Von Karman filtré et backward step 0425.,scripts/run_src_classic_cuda_darcy_chi_lr_segments_0411.sh; scripts/run_src_classic_cuda_darcy_chi_naca_periodic_0414.sh; scripts/run_src_classic_cuda_darcy_chi_vonkarman_periodic_0416.sh; scripts/run_src_classic_cuda_darcy_chi_backward_step_0425.sh; doc/README_0426_DARCY_FASTFLAGS.md,src_mpcd_params_inventory_consolidated_0365.csv + compléments Darcy/Brinkman/livevis 0411-0426
topoBenchmarkEnable,kv_param,Darcy/Brinkman — benchmark topo,ajout 0348a/0348b,booléen,true,true/false,TopoBenchmarkConfig.topoBenchmarkEnable,TOPO_BENCHMARK_ENABLE,Active le benchmark topologique optionnel.,"Observables proxy : à interpréter comme force de pénalisation volumique, pas effort pariétal exact.",scripts/run_src_classic_cuda_darcy_chi_lr_segments_0411.sh; scripts/run_src_classic_cuda_darcy_chi_naca_periodic_0414.sh; scripts/run_src_classic_cuda_darcy_chi_vonkarman_periodic_0416.sh; scripts/run_src_classic_cuda_darcy_chi_backward_step_0425.sh; doc/README_0426_DARCY_FASTFLAGS.md,src_mpcd_params_inventory_consolidated_0365.csv + compléments Darcy/Brinkman/livevis 0411-0426
topoBenchmarkEvery,kv_param,Darcy/Brinkman — benchmark topo,ajout 0348a/0348b,entier,darcyCostEvery,>=1,TopoBenchmarkConfig.topoBenchmarkEvery,TOPO_BENCHMARK_EVERY,Cadence d’écriture des observables topo.,"Observables proxy : à interpréter comme force de pénalisation volumique, pas effort pariétal exact.",scripts/run_src_classic_cuda_darcy_chi_lr_segments_0411.sh; scripts/run_src_classic_cuda_darcy_chi_naca_periodic_0414.sh; scripts/run_src_classic_cuda_darcy_chi_vonkarman_periodic_0416.sh; scripts/run_src_classic_cuda_darcy_chi_backward_step_0425.sh; doc/README_0426_DARCY_FASTFLAGS.md,src_mpcd_params_inventory_consolidated_0365.csv + compléments Darcy/Brinkman/livevis 0411-0426
topoBenchmarkFilename,kv_param,Darcy/Brinkman — benchmark topo,ajout 0348a/0348b,nom fichier,topo_benchmark_0348.csv,chemin relatif outputDir,TopoBenchmarkConfig.topoBenchmarkFilename,TOPO_BENCHMARK_FILENAME,Nom du CSV benchmark topo.,"Observables proxy : à interpréter comme force de pénalisation volumique, pas effort pariétal exact.",scripts/run_src_classic_cuda_darcy_chi_lr_segments_0411.sh; scripts/run_src_classic_cuda_darcy_chi_naca_periodic_0414.sh; scripts/run_src_classic_cuda_darcy_chi_vonkarman_periodic_0416.sh; scripts/run_src_classic_cuda_darcy_chi_backward_step_0425.sh; doc/README_0426_DARCY_FASTFLAGS.md,src_mpcd_params_inventory_consolidated_0365.csv + compléments Darcy/Brinkman/livevis 0411-0426
topoBenchmarkForceEnable,kv_param,Darcy/Brinkman — benchmark topo,ajout 0348a/0348b,booléen,true,true/false,TopoBenchmarkConfig.topoBenchmarkForceEnable,TOPO_BENCHMARK_FORCE_ENABLE,Active les observables de force Darcy cell-based.,"Observables proxy : à interpréter comme force de pénalisation volumique, pas effort pariétal exact.",scripts/run_src_classic_cuda_darcy_chi_lr_segments_0411.sh; scripts/run_src_classic_cuda_darcy_chi_naca_periodic_0414.sh; scripts/run_src_classic_cuda_darcy_chi_vonkarman_periodic_0416.sh; scripts/run_src_classic_cuda_darcy_chi_backward_step_0425.sh; doc/README_0426_DARCY_FASTFLAGS.md,src_mpcd_params_inventory_consolidated_0365.csv + compléments Darcy/Brinkman/livevis 0411-0426
topoBenchmarkDragLiftEnable,kv_param,Darcy/Brinkman — benchmark topo,ajout 0348a/0348b,booléen,true,true/false,TopoBenchmarkConfig.topoBenchmarkDragLiftEnable,TOPO_BENCHMARK_DRAG_LIFT_ENABLE,Active les projections drag/lift proxy.,"Observables proxy : à interpréter comme force de pénalisation volumique, pas effort pariétal exact.",scripts/run_src_classic_cuda_darcy_chi_lr_segments_0411.sh; scripts/run_src_classic_cuda_darcy_chi_naca_periodic_0414.sh; scripts/run_src_classic_cuda_darcy_chi_vonkarman_periodic_0416.sh; scripts/run_src_classic_cuda_darcy_chi_backward_step_0425.sh; doc/README_0426_DARCY_FASTFLAGS.md,src_mpcd_params_inventory_consolidated_0365.csv + compléments Darcy/Brinkman/livevis 0411-0426
topoBenchmarkFlowDirX,kv_param,Darcy/Brinkman — benchmark topo,ajout 0348a/0348b,double,1.0,vecteur direction,TopoBenchmarkConfig.topoBenchmarkFlowDirX,TOPO_BENCHMARK_FLOW_DIR_X,Composante x de la direction drag/écoulement.,"Observables proxy : à interpréter comme force de pénalisation volumique, pas effort pariétal exact.",scripts/run_src_classic_cuda_darcy_chi_lr_segments_0411.sh; scripts/run_src_classic_cuda_darcy_chi_naca_periodic_0414.sh; scripts/run_src_classic_cuda_darcy_chi_vonkarman_periodic_0416.sh; scripts/run_src_classic_cuda_darcy_chi_backward_step_0425.sh; doc/README_0426_DARCY_FASTFLAGS.md,src_mpcd_params_inventory_consolidated_0365.csv + compléments Darcy/Brinkman/livevis 0411-0426
topoBenchmarkFlowDirY,kv_param,Darcy/Brinkman — benchmark topo,ajout 0348a/0348b,double,0.0,vecteur direction,TopoBenchmarkConfig.topoBenchmarkFlowDirY,TOPO_BENCHMARK_FLOW_DIR_Y,Composante y de la direction drag/écoulement.,"Observables proxy : à interpréter comme force de pénalisation volumique, pas effort pariétal exact.",scripts/run_src_classic_cuda_darcy_chi_lr_segments_0411.sh; scripts/run_src_classic_cuda_darcy_chi_naca_periodic_0414.sh; scripts/run_src_classic_cuda_darcy_chi_vonkarman_periodic_0416.sh; scripts/run_src_classic_cuda_darcy_chi_backward_step_0425.sh; doc/README_0426_DARCY_FASTFLAGS.md,src_mpcd_params_inventory_consolidated_0365.csv + compléments Darcy/Brinkman/livevis 0411-0426
topoBenchmarkLiftDirX,kv_param,Darcy/Brinkman — benchmark topo,ajout 0348a/0348b,double,0.0,vecteur direction,TopoBenchmarkConfig.topoBenchmarkLiftDirX,TOPO_BENCHMARK_LIFT_DIR_X,Composante x de la direction lift.,"Observables proxy : à interpréter comme force de pénalisation volumique, pas effort pariétal exact.",scripts/run_src_classic_cuda_darcy_chi_lr_segments_0411.sh; scripts/run_src_classic_cuda_darcy_chi_naca_periodic_0414.sh; scripts/run_src_classic_cuda_darcy_chi_vonkarman_periodic_0416.sh; scripts/run_src_classic_cuda_darcy_chi_backward_step_0425.sh; doc/README_0426_DARCY_FASTFLAGS.md,src_mpcd_params_inventory_consolidated_0365.csv + compléments Darcy/Brinkman/livevis 0411-0426
topoBenchmarkLiftDirY,kv_param,Darcy/Brinkman — benchmark topo,ajout 0348a/0348b,double,1.0,vecteur direction,TopoBenchmarkConfig.topoBenchmarkLiftDirY,TOPO_BENCHMARK_LIFT_DIR_Y,Composante y de la direction lift.,"Observables proxy : à interpréter comme force de pénalisation volumique, pas effort pariétal exact.",scripts/run_src_classic_cuda_darcy_chi_lr_segments_0411.sh; scripts/run_src_classic_cuda_darcy_chi_naca_periodic_0414.sh; scripts/run_src_classic_cuda_darcy_chi_vonkarman_periodic_0416.sh; scripts/run_src_classic_cuda_darcy_chi_backward_step_0425.sh; doc/README_0426_DARCY_FASTFLAGS.md,src_mpcd_params_inventory_consolidated_0365.csv + compléments Darcy/Brinkman/livevis 0411-0426
openBoundarySegment0,kv_param,Inlet/outlet segmenté,ajout 0249b; documenté 0426,chaîne structurée,face mode sMin sMax ux uy type mass,"face in {left,right,top,bottom}; mode inlet/outlet",OpenBoundarySegments.segment[0],,Définit le premier segment ouvert en coordonnées relatives de face.,Utilisé dans LR segments et backward step Darcy pour éviter l’injection dans chi-solide.,scripts/run_src_classic_cuda_darcy_chi_lr_segments_0411.sh; scripts/run_src_classic_cuda_darcy_chi_naca_periodic_0414.sh; scripts/run_src_classic_cuda_darcy_chi_vonkarman_periodic_0416.sh; scripts/run_src_classic_cuda_darcy_chi_backward_step_0425.sh; doc/README_0426_DARCY_FASTFLAGS.md,src_mpcd_params_inventory_consolidated_0365.csv + compléments Darcy/Brinkman/livevis 0411-0426
openBoundarySegment1,kv_param,Inlet/outlet segmenté,ajout 0249b; documenté 0426,chaîne structurée,face mode sMin sMax ux uy type mass,"face in {left,right,top,bottom}; mode inlet/outlet",OpenBoundarySegments.segment[1],,Définit le second segment ouvert en coordonnées relatives de face.,Utilisé dans LR segments et backward step Darcy.,scripts/run_src_classic_cuda_darcy_chi_lr_segments_0411.sh; scripts/run_src_classic_cuda_darcy_chi_naca_periodic_0414.sh; scripts/run_src_classic_cuda_darcy_chi_vonkarman_periodic_0416.sh; scripts/run_src_classic_cuda_darcy_chi_backward_step_0425.sh; doc/README_0426_DARCY_FASTFLAGS.md,src_mpcd_params_inventory_consolidated_0365.csv + compléments Darcy/Brinkman/livevis 0411-0426
initialInactiveSlots,kv_param,État particulaire / pool inactif,documenté 0426,entier,0 ou fonction de gamma*Nx*Ny,>=0,StateInit.initialInactiveSlots,INACTIVE_SLOTS,Réserve des slots inactifs dans l’état initial pour injection/remplissage.,Particulièrement utile dans les scripts segmentés Darcy avec reservoir/inlet.,scripts/run_src_classic_cuda_darcy_chi_lr_segments_0411.sh; scripts/run_src_classic_cuda_darcy_chi_naca_periodic_0414.sh; scripts/run_src_classic_cuda_darcy_chi_vonkarman_periodic_0416.sh; scripts/run_src_classic_cuda_darcy_chi_backward_step_0425.sh; doc/README_0426_DARCY_FASTFLAGS.md,src_mpcd_params_inventory_consolidated_0365.csv + compléments Darcy/Brinkman/livevis 0411-0426
ALPHA,script_alias,Alias script Darcy,ajout/documenté 0426,double,DARCY_ALPHA_MAX ou valeur script,voir paramètre kv ou env flag associé,,,Alias de darcyAlphaMax dans les scripts de démonstration.,Les alias script sont résolus avant écriture du .kv ou export de l’environnement.,scripts/run_src_classic_cuda_darcy_chi_lr_segments_0411.sh; scripts/run_src_classic_cuda_darcy_chi_naca_periodic_0414.sh; scripts/run_src_classic_cuda_darcy_chi_vonkarman_periodic_0416.sh; scripts/run_src_classic_cuda_darcy_chi_backward_step_0425.sh; doc/README_0426_DARCY_FASTFLAGS.md,src_mpcd_params_inventory_consolidated_0365.csv + compléments Darcy/Brinkman/livevis 0411-0426
ALPHA_MIN,script_alias,Alias script Darcy,ajout/documenté 0426,double,DARCY_ALPHA_MIN ou 0.0,voir paramètre kv ou env flag associé,,,Alias de darcyAlphaMin.,Les alias script sont résolus avant écriture du .kv ou export de l’environnement.,scripts/run_src_classic_cuda_darcy_chi_lr_segments_0411.sh; scripts/run_src_classic_cuda_darcy_chi_naca_periodic_0414.sh; scripts/run_src_classic_cuda_darcy_chi_vonkarman_periodic_0416.sh; scripts/run_src_classic_cuda_darcy_chi_backward_step_0425.sh; doc/README_0426_DARCY_FASTFLAGS.md,src_mpcd_params_inventory_consolidated_0365.csv + compléments Darcy/Brinkman/livevis 0411-0426
CHI_FILE,script_alias,Alias script Darcy,ajout/documenté 0426,chemin fichier,DARCY_CHI_FILE ou chemin par défaut,voir paramètre kv ou env flag associé,,,Chemin du champ chi externe côté script.,Les alias script sont résolus avant écriture du .kv ou export de l’environnement.,scripts/run_src_classic_cuda_darcy_chi_lr_segments_0411.sh; scripts/run_src_classic_cuda_darcy_chi_naca_periodic_0414.sh; scripts/run_src_classic_cuda_darcy_chi_vonkarman_periodic_0416.sh; scripts/run_src_classic_cuda_darcy_chi_backward_step_0425.sh; doc/README_0426_DARCY_FASTFLAGS.md,src_mpcd_params_inventory_consolidated_0365.csv + compléments Darcy/Brinkman/livevis 0411-0426
CHI_FILE_FORMAT,script_alias,Alias script Darcy,ajout/documenté 0426,chaîne,DARCY_CHI_FILE_FORMAT ou float32,voir paramètre kv ou env flag associé,,,Format du champ chi externe côté script.,Les alias script sont résolus avant écriture du .kv ou export de l’environnement.,scripts/run_src_classic_cuda_darcy_chi_lr_segments_0411.sh; scripts/run_src_classic_cuda_darcy_chi_naca_periodic_0414.sh; scripts/run_src_classic_cuda_darcy_chi_vonkarman_periodic_0416.sh; scripts/run_src_classic_cuda_darcy_chi_backward_step_0425.sh; doc/README_0426_DARCY_FASTFLAGS.md,src_mpcd_params_inventory_consolidated_0365.csv + compléments Darcy/Brinkman/livevis 0411-0426
DARCY_BRINKMAN_FORCING_MODE,script_alias,Alias script Darcy,ajout/documenté 0426,chaîne,mean ou mean_outward_bath,voir paramètre kv ou env flag associé,,,Alias script de darcyBrinkmanForcingMode.,Les alias script sont résolus avant écriture du .kv ou export de l’environnement.,scripts/run_src_classic_cuda_darcy_chi_lr_segments_0411.sh; scripts/run_src_classic_cuda_darcy_chi_naca_periodic_0414.sh; scripts/run_src_classic_cuda_darcy_chi_vonkarman_periodic_0416.sh; scripts/run_src_classic_cuda_darcy_chi_backward_step_0425.sh; doc/README_0426_DARCY_FASTFLAGS.md,src_mpcd_params_inventory_consolidated_0365.csv + compléments Darcy/Brinkman/livevis 0411-0426
DARCY_INITIAL_DEACTIVATE_BELOW_CHI,script_alias,Alias script Darcy,ajout/documenté 0426,double,-1 ou 0.05,voir paramètre kv ou env flag associé,,,Alias script de darcyInitialDeactivateBelowChi.,Les alias script sont résolus avant écriture du .kv ou export de l’environnement.,scripts/run_src_classic_cuda_darcy_chi_lr_segments_0411.sh; scripts/run_src_classic_cuda_darcy_chi_naca_periodic_0414.sh; scripts/run_src_classic_cuda_darcy_chi_vonkarman_periodic_0416.sh; scripts/run_src_classic_cuda_darcy_chi_backward_step_0425.sh; doc/README_0426_DARCY_FASTFLAGS.md,src_mpcd_params_inventory_consolidated_0365.csv + compléments Darcy/Brinkman/livevis 0411-0426
DARCY_CHI_COLLISION_VP_ENABLE,script_alias,Alias script Darcy chiVP,ajout/documenté 0426,booléen,false ou true,voir paramètre kv ou env flag associé,,,Alias script de darcyChiCollisionVpEnable.,Les alias script sont résolus avant écriture du .kv ou export de l’environnement.,scripts/run_src_classic_cuda_darcy_chi_lr_segments_0411.sh; scripts/run_src_classic_cuda_darcy_chi_naca_periodic_0414.sh; scripts/run_src_classic_cuda_darcy_chi_vonkarman_periodic_0416.sh; scripts/run_src_classic_cuda_darcy_chi_backward_step_0425.sh; doc/README_0426_DARCY_FASTFLAGS.md,src_mpcd_params_inventory_consolidated_0365.csv + compléments Darcy/Brinkman/livevis 0411-0426
DARCY_CHI_COLLISION_VP_MODE,script_alias,Alias script Darcy chiVP,ajout/documenté 0426,chaîne,interface_band,voir paramètre kv ou env flag associé,,,Alias script de darcyChiCollisionVpMode.,Les alias script sont résolus avant écriture du .kv ou export de l’environnement.,scripts/run_src_classic_cuda_darcy_chi_lr_segments_0411.sh; scripts/run_src_classic_cuda_darcy_chi_naca_periodic_0414.sh; scripts/run_src_classic_cuda_darcy_chi_vonkarman_periodic_0416.sh; scripts/run_src_classic_cuda_darcy_chi_backward_step_0425.sh; doc/README_0426_DARCY_FASTFLAGS.md,src_mpcd_params_inventory_consolidated_0365.csv + compléments Darcy/Brinkman/livevis 0411-0426
DARCY_CHI_COLLISION_VP_GAMMA,script_alias,Alias script Darcy chiVP,ajout/documenté 0426,entier/double,-1,voir paramètre kv ou env flag associé,,,Alias script de darcyChiCollisionVpGamma.,Les alias script sont résolus avant écriture du .kv ou export de l’environnement.,scripts/run_src_classic_cuda_darcy_chi_lr_segments_0411.sh; scripts/run_src_classic_cuda_darcy_chi_naca_periodic_0414.sh; scripts/run_src_classic_cuda_darcy_chi_vonkarman_periodic_0416.sh; scripts/run_src_classic_cuda_darcy_chi_backward_step_0425.sh; doc/README_0426_DARCY_FASTFLAGS.md,src_mpcd_params_inventory_consolidated_0365.csv + compléments Darcy/Brinkman/livevis 0411-0426
DARCY_CHI_COLLISION_VP_MASS,script_alias,Alias script Darcy chiVP,ajout/documenté 0426,double,1.0,voir paramètre kv ou env flag associé,,,Alias script de darcyChiCollisionVpMass.,Les alias script sont résolus avant écriture du .kv ou export de l’environnement.,scripts/run_src_classic_cuda_darcy_chi_lr_segments_0411.sh; scripts/run_src_classic_cuda_darcy_chi_naca_periodic_0414.sh; scripts/run_src_classic_cuda_darcy_chi_vonkarman_periodic_0416.sh; scripts/run_src_classic_cuda_darcy_chi_backward_step_0425.sh; doc/README_0426_DARCY_FASTFLAGS.md,src_mpcd_params_inventory_consolidated_0365.csv + compléments Darcy/Brinkman/livevis 0411-0426
DARCY_CHI_COLLISION_VP_LAYERS,script_alias,Alias script Darcy chiVP,ajout/documenté 0426,entier,1,voir paramètre kv ou env flag associé,,,Alias script de darcyChiCollisionVpLayers.,Les alias script sont résolus avant écriture du .kv ou export de l’environnement.,scripts/run_src_classic_cuda_darcy_chi_lr_segments_0411.sh; scripts/run_src_classic_cuda_darcy_chi_naca_periodic_0414.sh; scripts/run_src_classic_cuda_darcy_chi_vonkarman_periodic_0416.sh; scripts/run_src_classic_cuda_darcy_chi_backward_step_0425.sh; doc/README_0426_DARCY_FASTFLAGS.md,src_mpcd_params_inventory_consolidated_0365.csv + compléments Darcy/Brinkman/livevis 0411-0426
DARCY_CHI_COLLISION_VP_THRESHOLD,script_alias,Alias script Darcy chiVP,ajout/documenté 0426,double,0.5,voir paramètre kv ou env flag associé,,,Alias script de darcyChiCollisionVpThreshold.,Les alias script sont résolus avant écriture du .kv ou export de l’environnement.,scripts/run_src_classic_cuda_darcy_chi_lr_segments_0411.sh; scripts/run_src_classic_cuda_darcy_chi_naca_periodic_0414.sh; scripts/run_src_classic_cuda_darcy_chi_vonkarman_periodic_0416.sh; scripts/run_src_classic_cuda_darcy_chi_backward_step_0425.sh; doc/README_0426_DARCY_FASTFLAGS.md,src_mpcd_params_inventory_consolidated_0365.csv + compléments Darcy/Brinkman/livevis 0411-0426
DARCY_CHI_COLLISION_VP_STRENGTH,script_alias,Alias script Darcy chiVP,ajout/documenté 0426,double,0.25 ou 1.0,voir paramètre kv ou env flag associé,,,Alias script de darcyChiCollisionVpStrength.,Les alias script sont résolus avant écriture du .kv ou export de l’environnement.,scripts/run_src_classic_cuda_darcy_chi_lr_segments_0411.sh; scripts/run_src_classic_cuda_darcy_chi_naca_periodic_0414.sh; scripts/run_src_classic_cuda_darcy_chi_vonkarman_periodic_0416.sh; scripts/run_src_classic_cuda_darcy_chi_backward_step_0425.sh; doc/README_0426_DARCY_FASTFLAGS.md,src_mpcd_params_inventory_consolidated_0365.csv + compléments Darcy/Brinkman/livevis 0411-0426
DARCY_COST_EVERY,script_alias,Alias script Darcy diagnostics,ajout/documenté 0426,entier,SUMMARY_EVERY,voir paramètre kv ou env flag associé,,,Alias script de darcyCostEvery.,Les alias script sont résolus avant écriture du .kv ou export de l’environnement.,scripts/run_src_classic_cuda_darcy_chi_lr_segments_0411.sh; scripts/run_src_classic_cuda_darcy_chi_naca_periodic_0414.sh; scripts/run_src_classic_cuda_darcy_chi_vonkarman_periodic_0416.sh; scripts/run_src_classic_cuda_darcy_chi_backward_step_0425.sh; doc/README_0426_DARCY_FASTFLAGS.md,src_mpcd_params_inventory_consolidated_0365.csv + compléments Darcy/Brinkman/livevis 0411-0426
DARCY_THREADS_PER_BLOCK,script_alias,Alias script Darcy CUDA,ajout/documenté 0426,entier,256,voir paramètre kv ou env flag associé,,,Alias script de darcyThreadsPerBlock.,Les alias script sont résolus avant écriture du .kv ou export de l’environnement.,scripts/run_src_classic_cuda_darcy_chi_lr_segments_0411.sh; scripts/run_src_classic_cuda_darcy_chi_naca_periodic_0414.sh; scripts/run_src_classic_cuda_darcy_chi_vonkarman_periodic_0416.sh; scripts/run_src_classic_cuda_darcy_chi_backward_step_0425.sh; doc/README_0426_DARCY_FASTFLAGS.md,src_mpcd_params_inventory_consolidated_0365.csv + compléments Darcy/Brinkman/livevis 0411-0426
DARCY_Q,script_alias,Alias script Darcy,ajout/documenté 0426,double,0.1,voir paramètre kv ou env flag associé,,,Alias script de darcyQ.,Les alias script sont résolus avant écriture du .kv ou export de l’environnement.,scripts/run_src_classic_cuda_darcy_chi_lr_segments_0411.sh; scripts/run_src_classic_cuda_darcy_chi_naca_periodic_0414.sh; scripts/run_src_classic_cuda_darcy_chi_vonkarman_periodic_0416.sh; scripts/run_src_classic_cuda_darcy_chi_backward_step_0425.sh; doc/README_0426_DARCY_FASTFLAGS.md,src_mpcd_params_inventory_consolidated_0365.csv + compléments Darcy/Brinkman/livevis 0411-0426
DARCY_USOLID_X,script_alias,Alias script Darcy,ajout/documenté 0426,double,0.0,voir paramètre kv ou env flag associé,,,Alias script de darcyUSolidX.,Les alias script sont résolus avant écriture du .kv ou export de l’environnement.,scripts/run_src_classic_cuda_darcy_chi_lr_segments_0411.sh; scripts/run_src_classic_cuda_darcy_chi_naca_periodic_0414.sh; scripts/run_src_classic_cuda_darcy_chi_vonkarman_periodic_0416.sh; scripts/run_src_classic_cuda_darcy_chi_backward_step_0425.sh; doc/README_0426_DARCY_FASTFLAGS.md,src_mpcd_params_inventory_consolidated_0365.csv + compléments Darcy/Brinkman/livevis 0411-0426
DARCY_USOLID_Y,script_alias,Alias script Darcy,ajout/documenté 0426,double,0.0,voir paramètre kv ou env flag associé,,,Alias script de darcyUSolidY.,Les alias script sont résolus avant écriture du .kv ou export de l’environnement.,scripts/run_src_classic_cuda_darcy_chi_lr_segments_0411.sh; scripts/run_src_classic_cuda_darcy_chi_naca_periodic_0414.sh; scripts/run_src_classic_cuda_darcy_chi_vonkarman_periodic_0416.sh; scripts/run_src_classic_cuda_darcy_chi_backward_step_0425.sh; doc/README_0426_DARCY_FASTFLAGS.md,src_mpcd_params_inventory_consolidated_0365.csv + compléments Darcy/Brinkman/livevis 0411-0426
TOPO_BENCHMARK_ENABLE,script_alias,Alias script topo benchmark,ajout/documenté 0426,booléen,true,voir paramètre kv ou env flag associé,,,Alias script de topoBenchmarkEnable.,Les alias script sont résolus avant écriture du .kv ou export de l’environnement.,scripts/run_src_classic_cuda_darcy_chi_lr_segments_0411.sh; scripts/run_src_classic_cuda_darcy_chi_naca_periodic_0414.sh; scripts/run_src_classic_cuda_darcy_chi_vonkarman_periodic_0416.sh; scripts/run_src_classic_cuda_darcy_chi_backward_step_0425.sh; doc/README_0426_DARCY_FASTFLAGS.md,src_mpcd_params_inventory_consolidated_0365.csv + compléments Darcy/Brinkman/livevis 0411-0426
TOPO_BENCHMARK_EVERY,script_alias,Alias script topo benchmark,ajout/documenté 0426,entier,DARCY_COST_EVERY,voir paramètre kv ou env flag associé,,,Alias script de topoBenchmarkEvery.,Les alias script sont résolus avant écriture du .kv ou export de l’environnement.,scripts/run_src_classic_cuda_darcy_chi_lr_segments_0411.sh; scripts/run_src_classic_cuda_darcy_chi_naca_periodic_0414.sh; scripts/run_src_classic_cuda_darcy_chi_vonkarman_periodic_0416.sh; scripts/run_src_classic_cuda_darcy_chi_backward_step_0425.sh; doc/README_0426_DARCY_FASTFLAGS.md,src_mpcd_params_inventory_consolidated_0365.csv + compléments Darcy/Brinkman/livevis 0411-0426
TOPO_BENCHMARK_FILENAME,script_alias,Alias script topo benchmark,ajout/documenté 0426,nom fichier,topo_benchmark_0348.csv,voir paramètre kv ou env flag associé,,,Alias script de topoBenchmarkFilename.,Les alias script sont résolus avant écriture du .kv ou export de l’environnement.,scripts/run_src_classic_cuda_darcy_chi_lr_segments_0411.sh; scripts/run_src_classic_cuda_darcy_chi_naca_periodic_0414.sh; scripts/run_src_classic_cuda_darcy_chi_vonkarman_periodic_0416.sh; scripts/run_src_classic_cuda_darcy_chi_backward_step_0425.sh; doc/README_0426_DARCY_FASTFLAGS.md,src_mpcd_params_inventory_consolidated_0365.csv + compléments Darcy/Brinkman/livevis 0411-0426
TOPO_BENCHMARK_FORCE_ENABLE,script_alias,Alias script topo benchmark,ajout/documenté 0426,booléen,true,voir paramètre kv ou env flag associé,,,Alias script de topoBenchmarkForceEnable.,Les alias script sont résolus avant écriture du .kv ou export de l’environnement.,scripts/run_src_classic_cuda_darcy_chi_lr_segments_0411.sh; scripts/run_src_classic_cuda_darcy_chi_naca_periodic_0414.sh; scripts/run_src_classic_cuda_darcy_chi_vonkarman_periodic_0416.sh; scripts/run_src_classic_cuda_darcy_chi_backward_step_0425.sh; doc/README_0426_DARCY_FASTFLAGS.md,src_mpcd_params_inventory_consolidated_0365.csv + compléments Darcy/Brinkman/livevis 0411-0426
TOPO_BENCHMARK_DRAG_LIFT_ENABLE,script_alias,Alias script topo benchmark,ajout/documenté 0426,booléen,true,voir paramètre kv ou env flag associé,,,Alias script de topoBenchmarkDragLiftEnable.,Les alias script sont résolus avant écriture du .kv ou export de l’environnement.,scripts/run_src_classic_cuda_darcy_chi_lr_segments_0411.sh; scripts/run_src_classic_cuda_darcy_chi_naca_periodic_0414.sh; scripts/run_src_classic_cuda_darcy_chi_vonkarman_periodic_0416.sh; scripts/run_src_classic_cuda_darcy_chi_backward_step_0425.sh; doc/README_0426_DARCY_FASTFLAGS.md,src_mpcd_params_inventory_consolidated_0365.csv + compléments Darcy/Brinkman/livevis 0411-0426
TOPO_BENCHMARK_FLOW_DIR_X,script_alias,Alias script topo benchmark,ajout/documenté 0426,double,1.0,voir paramètre kv ou env flag associé,,,Alias script de topoBenchmarkFlowDirX.,Les alias script sont résolus avant écriture du .kv ou export de l’environnement.,scripts/run_src_classic_cuda_darcy_chi_lr_segments_0411.sh; scripts/run_src_classic_cuda_darcy_chi_naca_periodic_0414.sh; scripts/run_src_classic_cuda_darcy_chi_vonkarman_periodic_0416.sh; scripts/run_src_classic_cuda_darcy_chi_backward_step_0425.sh; doc/README_0426_DARCY_FASTFLAGS.md,src_mpcd_params_inventory_consolidated_0365.csv + compléments Darcy/Brinkman/livevis 0411-0426
TOPO_BENCHMARK_FLOW_DIR_Y,script_alias,Alias script topo benchmark,ajout/documenté 0426,double,0.0,voir paramètre kv ou env flag associé,,,Alias script de topoBenchmarkFlowDirY.,Les alias script sont résolus avant écriture du .kv ou export de l’environnement.,scripts/run_src_classic_cuda_darcy_chi_lr_segments_0411.sh; scripts/run_src_classic_cuda_darcy_chi_naca_periodic_0414.sh; scripts/run_src_classic_cuda_darcy_chi_vonkarman_periodic_0416.sh; scripts/run_src_classic_cuda_darcy_chi_backward_step_0425.sh; doc/README_0426_DARCY_FASTFLAGS.md,src_mpcd_params_inventory_consolidated_0365.csv + compléments Darcy/Brinkman/livevis 0411-0426
TOPO_BENCHMARK_LIFT_DIR_X,script_alias,Alias script topo benchmark,ajout/documenté 0426,double,0.0,voir paramètre kv ou env flag associé,,,Alias script de topoBenchmarkLiftDirX.,Les alias script sont résolus avant écriture du .kv ou export de l’environnement.,scripts/run_src_classic_cuda_darcy_chi_lr_segments_0411.sh; scripts/run_src_classic_cuda_darcy_chi_naca_periodic_0414.sh; scripts/run_src_classic_cuda_darcy_chi_vonkarman_periodic_0416.sh; scripts/run_src_classic_cuda_darcy_chi_backward_step_0425.sh; doc/README_0426_DARCY_FASTFLAGS.md,src_mpcd_params_inventory_consolidated_0365.csv + compléments Darcy/Brinkman/livevis 0411-0426
TOPO_BENCHMARK_LIFT_DIR_Y,script_alias,Alias script topo benchmark,ajout/documenté 0426,double,1.0,voir paramètre kv ou env flag associé,,,Alias script de topoBenchmarkLiftDirY.,Les alias script sont résolus avant écriture du .kv ou export de l’environnement.,scripts/run_src_classic_cuda_darcy_chi_lr_segments_0411.sh; scripts/run_src_classic_cuda_darcy_chi_naca_periodic_0414.sh; scripts/run_src_classic_cuda_darcy_chi_vonkarman_periodic_0416.sh; scripts/run_src_classic_cuda_darcy_chi_backward_step_0425.sh; doc/README_0426_DARCY_FASTFLAGS.md,src_mpcd_params_inventory_consolidated_0365.csv + compléments Darcy/Brinkman/livevis 0411-0426
REQUIRE_VALIDATED_SEGMENTED_RESIDENT,script_alias,Alias script sécurité CUDA,ajout/documenté 0426,booléen,1,voir paramètre kv ou env flag associé,,,Force le strict mode du chemin segmented resident 0264.,Les alias script sont résolus avant écriture du .kv ou export de l’environnement.,scripts/run_src_classic_cuda_darcy_chi_lr_segments_0411.sh; scripts/run_src_classic_cuda_darcy_chi_naca_periodic_0414.sh; scripts/run_src_classic_cuda_darcy_chi_vonkarman_periodic_0416.sh; scripts/run_src_classic_cuda_darcy_chi_backward_step_0425.sh; doc/README_0426_DARCY_FASTFLAGS.md,src_mpcd_params_inventory_consolidated_0365.csv + compléments Darcy/Brinkman/livevis 0411-0426
LIVE_VIS_HOLD_ON_EXIT,script_alias,Alias script livevis,ajout/documenté 0426,booléen,1,voir paramètre kv ou env flag associé,,,Alias script exporté vers SRC_LIVE_VIS_HOLD_ON_EXIT.,Les alias script sont résolus avant écriture du .kv ou export de l’environnement.,scripts/run_src_classic_cuda_darcy_chi_lr_segments_0411.sh; scripts/run_src_classic_cuda_darcy_chi_naca_periodic_0414.sh; scripts/run_src_classic_cuda_darcy_chi_vonkarman_periodic_0416.sh; scripts/run_src_classic_cuda_darcy_chi_backward_step_0425.sh; doc/README_0426_DARCY_FASTFLAGS.md,src_mpcd_params_inventory_consolidated_0365.csv + compléments Darcy/Brinkman/livevis 0411-0426
MPCD_DARCY_FASTFLAGS_ENABLE,script_alias,Alias script fastflags Darcy,ajout/documenté 0426,booléen,1,voir paramètre kv ou env flag associé,,,Active/désactive le bloc commun fastflags 0426 des scripts Darcy.,Les alias script sont résolus avant écriture du .kv ou export de l’environnement.,scripts/run_src_classic_cuda_darcy_chi_lr_segments_0411.sh; scripts/run_src_classic_cuda_darcy_chi_naca_periodic_0414.sh; scripts/run_src_classic_cuda_darcy_chi_vonkarman_periodic_0416.sh; scripts/run_src_classic_cuda_darcy_chi_backward_step_0425.sh; doc/README_0426_DARCY_FASTFLAGS.md,src_mpcd_params_inventory_consolidated_0365.csv + compléments Darcy/Brinkman/livevis 0411-0426
DARCY_ALPHA_MAX,script_alias,Alias script Darcy,ajout/documenté 0426,double,selon script,voir script,,,Valeur de repli utilisée par ALPHA pour écrire darcyAlphaMax.,Backward step validé avec ALPHA=800000.,scripts/run_src_classic_cuda_darcy_chi_lr_segments_0411.sh; scripts/run_src_classic_cuda_darcy_chi_naca_periodic_0414.sh; scripts/run_src_classic_cuda_darcy_chi_vonkarman_periodic_0416.sh; scripts/run_src_classic_cuda_darcy_chi_backward_step_0425.sh; doc/README_0426_DARCY_FASTFLAGS.md,src_mpcd_params_inventory_consolidated_0365.csv + compléments Darcy/Brinkman/livevis 0411-0426
DARCY_ALPHA_MIN,script_alias,Alias script Darcy,ajout/documenté 0426,double,0.0,voir script,,,Valeur de repli utilisée par ALPHA_MIN pour écrire darcyAlphaMin.,,scripts/run_src_classic_cuda_darcy_chi_lr_segments_0411.sh; scripts/run_src_classic_cuda_darcy_chi_naca_periodic_0414.sh; scripts/run_src_classic_cuda_darcy_chi_vonkarman_periodic_0416.sh; scripts/run_src_classic_cuda_darcy_chi_backward_step_0425.sh; doc/README_0426_DARCY_FASTFLAGS.md,src_mpcd_params_inventory_consolidated_0365.csv + compléments Darcy/Brinkman/livevis 0411-0426
DARCY_CHI_FILE,script_alias,Alias script Darcy,ajout/documenté 0426,chemin fichier,selon cas,voir script,,,Alias externe de CHI_FILE pour fournir un champ chi sans modifier le script.,,scripts/run_src_classic_cuda_darcy_chi_lr_segments_0411.sh; scripts/run_src_classic_cuda_darcy_chi_naca_periodic_0414.sh; scripts/run_src_classic_cuda_darcy_chi_vonkarman_periodic_0416.sh; scripts/run_src_classic_cuda_darcy_chi_backward_step_0425.sh; doc/README_0426_DARCY_FASTFLAGS.md,src_mpcd_params_inventory_consolidated_0365.csv + compléments Darcy/Brinkman/livevis 0411-0426
DARCY_CHI_FILE_FORMAT,script_alias,Alias script Darcy,ajout/documenté 0426,chaîne,float32,voir script,,,Alias externe de CHI_FILE_FORMAT.,,scripts/run_src_classic_cuda_darcy_chi_lr_segments_0411.sh; scripts/run_src_classic_cuda_darcy_chi_naca_periodic_0414.sh; scripts/run_src_classic_cuda_darcy_chi_vonkarman_periodic_0416.sh; scripts/run_src_classic_cuda_darcy_chi_backward_step_0425.sh; doc/README_0426_DARCY_FASTFLAGS.md,src_mpcd_params_inventory_consolidated_0365.csv + compléments Darcy/Brinkman/livevis 0411-0426
STATE_SOURCE,script_alias,Alias script état initial,ajout/documenté 0426,chemin fichier,selon cas,voir script,,,Chemin source de l’état .smpcd copié dans RUN_ROOT/init.,Utilisé dans les scripts 0411/0414/0416.,scripts/run_src_classic_cuda_darcy_chi_lr_segments_0411.sh; scripts/run_src_classic_cuda_darcy_chi_naca_periodic_0414.sh; scripts/run_src_classic_cuda_darcy_chi_vonkarman_periodic_0416.sh; scripts/run_src_classic_cuda_darcy_chi_backward_step_0425.sh; doc/README_0426_DARCY_FASTFLAGS.md,src_mpcd_params_inventory_consolidated_0365.csv + compléments Darcy/Brinkman/livevis 0411-0426
INPUT_STATE,script_alias,Alias script état initial,ajout/documenté 0426,chemin fichier,selon cas,voir script,,,Alias de STATE_SOURCE pour fournir l’état initial .smpcd.,Utilisé dans les scripts 0411/0414/0416.,scripts/run_src_classic_cuda_darcy_chi_lr_segments_0411.sh; scripts/run_src_classic_cuda_darcy_chi_naca_periodic_0414.sh; scripts/run_src_classic_cuda_darcy_chi_vonkarman_periodic_0416.sh; scripts/run_src_classic_cuda_darcy_chi_backward_step_0425.sh; doc/README_0426_DARCY_FASTFLAGS.md,src_mpcd_params_inventory_consolidated_0365.csv + compléments Darcy/Brinkman/livevis 0411-0426
WALL_KBT,script_alias,Alias script paroi/VP,ajout/documenté 0426,double,-1.0,voir script,,,"Température cible des parois/VP, écrite vers wallKBT.",-1 hérite du comportement par défaut/thermostat selon code.,scripts/run_src_classic_cuda_darcy_chi_lr_segments_0411.sh; scripts/run_src_classic_cuda_darcy_chi_naca_periodic_0414.sh; scripts/run_src_classic_cuda_darcy_chi_vonkarman_periodic_0416.sh; scripts/run_src_classic_cuda_darcy_chi_backward_step_0425.sh; doc/README_0426_DARCY_FASTFLAGS.md,src_mpcd_params_inventory_consolidated_0365.csv + compléments Darcy/Brinkman/livevis 0411-0426
STEP_XMIN,script_alias,Alias script géométrie/segments Darcy,ajout/documenté 0426,double/chaîne selon variable,0.0,voir script,,,Borne x minimale du rectangle solide step généré en chi.,,scripts/run_src_classic_cuda_darcy_chi_lr_segments_0411.sh; scripts/run_src_classic_cuda_darcy_chi_naca_periodic_0414.sh; scripts/run_src_classic_cuda_darcy_chi_vonkarman_periodic_0416.sh; scripts/run_src_classic_cuda_darcy_chi_backward_step_0425.sh; doc/README_0426_DARCY_FASTFLAGS.md,src_mpcd_params_inventory_consolidated_0365.csv + compléments Darcy/Brinkman/livevis 0411-0426
STEP_XMAX,script_alias,Alias script géométrie/segments Darcy,ajout/documenté 0426,double/chaîne selon variable,1.0,voir script,,,Borne x maximale du rectangle solide step généré en chi.,,scripts/run_src_classic_cuda_darcy_chi_lr_segments_0411.sh; scripts/run_src_classic_cuda_darcy_chi_naca_periodic_0414.sh; scripts/run_src_classic_cuda_darcy_chi_vonkarman_periodic_0416.sh; scripts/run_src_classic_cuda_darcy_chi_backward_step_0425.sh; doc/README_0426_DARCY_FASTFLAGS.md,src_mpcd_params_inventory_consolidated_0365.csv + compléments Darcy/Brinkman/livevis 0411-0426
STEP_YMIN,script_alias,Alias script géométrie/segments Darcy,ajout/documenté 0426,double/chaîne selon variable,0.0,voir script,,,Borne y minimale du rectangle solide step généré en chi.,,scripts/run_src_classic_cuda_darcy_chi_lr_segments_0411.sh; scripts/run_src_classic_cuda_darcy_chi_naca_periodic_0414.sh; scripts/run_src_classic_cuda_darcy_chi_vonkarman_periodic_0416.sh; scripts/run_src_classic_cuda_darcy_chi_backward_step_0425.sh; doc/README_0426_DARCY_FASTFLAGS.md,src_mpcd_params_inventory_consolidated_0365.csv + compléments Darcy/Brinkman/livevis 0411-0426
STEP_YMAX,script_alias,Alias script géométrie/segments Darcy,ajout/documenté 0426,double/chaîne selon variable,0.52,voir script,,,Borne y maximale du rectangle solide step généré en chi et borne inférieure de l’inlet segmenté.,,scripts/run_src_classic_cuda_darcy_chi_lr_segments_0411.sh; scripts/run_src_classic_cuda_darcy_chi_naca_periodic_0414.sh; scripts/run_src_classic_cuda_darcy_chi_vonkarman_periodic_0416.sh; scripts/run_src_classic_cuda_darcy_chi_backward_step_0425.sh; doc/README_0426_DARCY_FASTFLAGS.md,src_mpcd_params_inventory_consolidated_0365.csv + compléments Darcy/Brinkman/livevis 0411-0426
INLET_FACE,script_alias,Alias script géométrie/segments Darcy,ajout/documenté 0426,double/chaîne selon variable,left,voir script,,,Face portant le segment inlet.,,scripts/run_src_classic_cuda_darcy_chi_lr_segments_0411.sh; scripts/run_src_classic_cuda_darcy_chi_naca_periodic_0414.sh; scripts/run_src_classic_cuda_darcy_chi_vonkarman_periodic_0416.sh; scripts/run_src_classic_cuda_darcy_chi_backward_step_0425.sh; doc/README_0426_DARCY_FASTFLAGS.md,src_mpcd_params_inventory_consolidated_0365.csv + compléments Darcy/Brinkman/livevis 0411-0426
INLET_SMIN,script_alias,Alias script géométrie/segments Darcy,ajout/documenté 0426,double/chaîne selon variable,STEP_YMAX/Ly,voir script,,,Coordonnée relative minimale du segment inlet.,,scripts/run_src_classic_cuda_darcy_chi_lr_segments_0411.sh; scripts/run_src_classic_cuda_darcy_chi_naca_periodic_0414.sh; scripts/run_src_classic_cuda_darcy_chi_vonkarman_periodic_0416.sh; scripts/run_src_classic_cuda_darcy_chi_backward_step_0425.sh; doc/README_0426_DARCY_FASTFLAGS.md,src_mpcd_params_inventory_consolidated_0365.csv + compléments Darcy/Brinkman/livevis 0411-0426
INLET_SMAX,script_alias,Alias script géométrie/segments Darcy,ajout/documenté 0426,double/chaîne selon variable,1.0,voir script,,,Coordonnée relative maximale du segment inlet.,,scripts/run_src_classic_cuda_darcy_chi_lr_segments_0411.sh; scripts/run_src_classic_cuda_darcy_chi_naca_periodic_0414.sh; scripts/run_src_classic_cuda_darcy_chi_vonkarman_periodic_0416.sh; scripts/run_src_classic_cuda_darcy_chi_backward_step_0425.sh; doc/README_0426_DARCY_FASTFLAGS.md,src_mpcd_params_inventory_consolidated_0365.csv + compléments Darcy/Brinkman/livevis 0411-0426
OUTLET_FACE,script_alias,Alias script géométrie/segments Darcy,ajout/documenté 0426,double/chaîne selon variable,right,voir script,,,Face portant le segment outlet.,,scripts/run_src_classic_cuda_darcy_chi_lr_segments_0411.sh; scripts/run_src_classic_cuda_darcy_chi_naca_periodic_0414.sh; scripts/run_src_classic_cuda_darcy_chi_vonkarman_periodic_0416.sh; scripts/run_src_classic_cuda_darcy_chi_backward_step_0425.sh; doc/README_0426_DARCY_FASTFLAGS.md,src_mpcd_params_inventory_consolidated_0365.csv + compléments Darcy/Brinkman/livevis 0411-0426
OUTLET_SMIN,script_alias,Alias script géométrie/segments Darcy,ajout/documenté 0426,double/chaîne selon variable,0.0,voir script,,,Coordonnée relative minimale du segment outlet.,,scripts/run_src_classic_cuda_darcy_chi_lr_segments_0411.sh; scripts/run_src_classic_cuda_darcy_chi_naca_periodic_0414.sh; scripts/run_src_classic_cuda_darcy_chi_vonkarman_periodic_0416.sh; scripts/run_src_classic_cuda_darcy_chi_backward_step_0425.sh; doc/README_0426_DARCY_FASTFLAGS.md,src_mpcd_params_inventory_consolidated_0365.csv + compléments Darcy/Brinkman/livevis 0411-0426
OUTLET_SMAX,script_alias,Alias script géométrie/segments Darcy,ajout/documenté 0426,double/chaîne selon variable,1.0 ou 0.25 selon script,voir script,,,Coordonnée relative maximale du segment outlet.,,scripts/run_src_classic_cuda_darcy_chi_lr_segments_0411.sh; scripts/run_src_classic_cuda_darcy_chi_naca_periodic_0414.sh; scripts/run_src_classic_cuda_darcy_chi_vonkarman_periodic_0416.sh; scripts/run_src_classic_cuda_darcy_chi_backward_step_0425.sh; doc/README_0426_DARCY_FASTFLAGS.md,src_mpcd_params_inventory_consolidated_0365.csv + compléments Darcy/Brinkman/livevis 0411-0426
OUTLET_MODE,script_alias,Alias script géométrie/segments Darcy,ajout/documenté 0426,double/chaîne selon variable,hybrid/neumann selon script,voir script,,,Mode de sortie ouvert écrit vers openBoundaryOutletMode.,,scripts/run_src_classic_cuda_darcy_chi_lr_segments_0411.sh; scripts/run_src_classic_cuda_darcy_chi_naca_periodic_0414.sh; scripts/run_src_classic_cuda_darcy_chi_vonkarman_periodic_0416.sh; scripts/run_src_classic_cuda_darcy_chi_backward_step_0425.sh; doc/README_0426_DARCY_FASTFLAGS.md,src_mpcd_params_inventory_consolidated_0365.csv + compléments Darcy/Brinkman/livevis 0411-0426
UIN,script_alias,Alias script géométrie/segments Darcy,ajout/documenté 0426,double/chaîne selon variable,0.25,voir script,,,Vitesse imposée au segment inlet du backward step.,,scripts/run_src_classic_cuda_darcy_chi_lr_segments_0411.sh; scripts/run_src_classic_cuda_darcy_chi_naca_periodic_0414.sh; scripts/run_src_classic_cuda_darcy_chi_vonkarman_periodic_0416.sh; scripts/run_src_classic_cuda_darcy_chi_backward_step_0425.sh; doc/README_0426_DARCY_FASTFLAGS.md,src_mpcd_params_inventory_consolidated_0365.csv + compléments Darcy/Brinkman/livevis 0411-0426
UINIT,script_alias,Alias script géométrie/segments Darcy,ajout/documenté 0426,double/chaîne selon variable,cas dépendant,voir script,,,Vitesse moyenne initiale utilisée lors de la génération d’état.,,scripts/run_src_classic_cuda_darcy_chi_lr_segments_0411.sh; scripts/run_src_classic_cuda_darcy_chi_naca_periodic_0414.sh; scripts/run_src_classic_cuda_darcy_chi_vonkarman_periodic_0416.sh; scripts/run_src_classic_cuda_darcy_chi_backward_step_0425.sh; doc/README_0426_DARCY_FASTFLAGS.md,src_mpcd_params_inventory_consolidated_0365.csv + compléments Darcy/Brinkman/livevis 0411-0426
