Clé utilisable dans params.kv,Champ canonique / cible,Statut,Type,Valeurs possibles / contraintes,Défaut canonique,Signification courte,Catégorie
alphaDeg,rotationAngle,alias accepté,double,réel non NaN; alphaDeg converti en radians,2.0943951023931953 rad,Angle de rotation SRD/MPCD.,Temps et collision SRC
bcBottom,bcBottom,canonique,enum string,periodic; solid; specular; bounceback; inlet/input; outlet/output/open,periodic,Mode de condition limite sur la face basse.,Conditions limites
bcLeft,bcLeft,canonique,enum string,periodic; solid; specular; bounceback; inlet/input; outlet/output/open,periodic,Mode de condition limite sur la face gauche.,Conditions limites
bcRight,bcRight,canonique,enum string,periodic; solid; specular; bounceback; inlet/input; outlet/output/open,periodic,Mode de condition limite sur la face droite.,Conditions limites
bcTop,bcTop,canonique,enum string,periodic; solid; specular; bounceback; inlet/input; outlet/output/open,periodic,Mode de condition limite sur la face haute.,Conditions limites
bcX,bcX,canonique,enum string,periodic; solid; specular; bounceback; inlet/input; outlet/output/open,(non stocké),Définit simultanément les modes gauche et droit.,Conditions limites
bcY,bcY,canonique,enum string,periodic; solid; specular; bounceback; inlet/input; outlet/output/open,(non stocké),Définit simultanément les modes bas et haut.,Conditions limites
bodyAccelerationX,bodyAccelerationX,canonique,double,nombre réel fini,0.0,Accélération volumique uniforme appliquée en x avant streaming.,Forçage et contrôle d’écoulement
bodyAccelerationY,bodyAccelerationY,canonique,double,nombre réel fini,0.0,Accélération volumique uniforme appliquée en y avant streaming.,Forçage et contrôle d’écoulement
bodyForceX,bodyAccelerationX,alias accepté,double,nombre réel fini,0.0,Accélération volumique uniforme appliquée en x avant streaming.,Forçage et contrôle d’écoulement
bodyForceY,bodyAccelerationY,alias accepté,double,nombre réel fini,0.0,Accélération volumique uniforme appliquée en y avant streaming.,Forçage et contrôle d’écoulement
boundaryBottom,bcBottom,alias accepté,enum string,periodic; solid; specular; bounceback; inlet/input; outlet/output/open,periodic,Mode de condition limite sur la face basse.,Conditions limites
boundaryLeft,bcLeft,alias accepté,enum string,periodic; solid; specular; bounceback; inlet/input; outlet/output/open,periodic,Mode de condition limite sur la face gauche.,Conditions limites
boundaryRight,bcRight,alias accepté,enum string,periodic; solid; specular; bounceback; inlet/input; outlet/output/open,periodic,Mode de condition limite sur la face droite.,Conditions limites
boundaryTop,bcTop,alias accepté,enum string,periodic; solid; specular; bounceback; inlet/input; outlet/output/open,periodic,Mode de condition limite sur la face haute.,Conditions limites
closedCapacityInletMassFluxEnable,closedCapacityInletMassFluxEnable,canonique,booléen,booléen: true/1/yes/on ou false/0/no/off,false,Active une loi de flux de masse d’entrée pilotée par capacité.,Réponse capacité fermée / viriel
closedCapacityInletMassFluxMultiplier,closedCapacityInletMassFluxMultiplier,canonique,double,>=0,1.0,Multiplicateur du flux de masse inlet piloté par capacité.,Réponse capacité fermée / viriel
closedCapacityMassGuardDisableOnOverfill,closedCapacityMassGuardDisableOnOverfill,canonique,booléen,booléen: true/1/yes/on ou false/0/no/off,true,Désactive le mass guard lorsque l’overfill est détecté.,Réponse capacité fermée / viriel
closedCapacityMassRemapEta,closedCapacityMassRemapEta,canonique,double,>0,0.005,Paramètre eta d’atténuation du remap de masse en surcapacité.,Réponse capacité fermée / viriel
closedCapacityMassRemapPower,closedCapacityMassRemapPower,canonique,double,>0,2.0,Puissance de la loi d’atténuation du remap de masse.,Réponse capacité fermée / viriel
closedCapacityQ6Eta,closedCapacityQ6Eta,canonique,double,>0,0.005,Paramètre eta de réduction de la projection Q6 en surcapacité.,Réponse capacité fermée / viriel
closedCapacityQ6Power,closedCapacityQ6Power,canonique,double,>0,2.0,Puissance de la loi de réduction Q6.,Réponse capacité fermée / viriel
closedCapacityReferenceCellMass,closedCapacityReferenceCellMass,canonique,double,>=0; 0 => inférer,0.0,Masse de référence par cellule fluide.,Réponse capacité fermée / viriel
closedCapacityReferenceParticleMass,closedCapacityReferenceParticleMass,canonique,double,>0,1.0,Masse particulaire de référence.,Réponse capacité fermée / viriel
closedCapacityResponseEnable,closedCapacityResponseEnable,canonique,booléen,booléen: true/1/yes/on ou false/0/no/off,false,Active la réponse à la surcapacité/overfill en domaine fermé.,Réponse capacité fermée / viriel
closedCapacityVirialBaseK,closedCapacityVirialBaseK,groupe dynamique,double,>=0,0.0,Raideur virielle de base.,Réponse capacité fermée / viriel
closedCapacityVirialEta,closedCapacityVirialEta,canonique,double,>0,0.005,Paramètre eta de la loi virielle.,Réponse capacité fermée / viriel
closedCapacityVirialGain,closedCapacityVirialGain,canonique,double,>=0,20.0,Gain de la composante virielle pilotée par l’overfill.,Réponse capacité fermée / viriel
closedCapacityVirialKickEnable,closedCapacityVirialKickEnable,canonique,booléen,booléen: true/1/yes/on ou false/0/no/off,false,Active le kick viriel faible lié à la surcapacité.,Réponse capacité fermée / viriel
closedCapacityVirialKickStrength,closedCapacityVirialKickStrength,canonique,double,>=0,1.0,Intensité multiplicative du kick viriel.,Réponse capacité fermée / viriel
closedCapacityVirialMomentumCorrectionEnable,closedCapacityVirialMomentumCorrectionEnable,canonique,booléen,booléen: true/1/yes/on ou false/0/no/off,true,Corrige globalement le moment après kick viriel.,Réponse capacité fermée / viriel
closedCapacityVirialPower,closedCapacityVirialPower,canonique,double,>0,2.0,Puissance de la loi virielle.,Réponse capacité fermée / viriel
dt,dt,canonique,double,> 0,1.0e-3,Pas de temps MPCD/SRD.,Temps et collision SRC
dumpStateEvery,dumpStateEvery,canonique,entier,entier >= 0; 0 désactive les dumps périodiques,0,Cadence d’écriture des états .smpcd pour post-traitement.,I/O et exécution
fluidXMax0,fluidXMax0,canonique,double,-1 hérite de Lx; sinon > fluidXMin0 et <= Lx,-1.0,Borne x maximale initiale du domaine fluide actif.,Domaine actif mobile
fluidXMaxVelocity,fluidXMaxVelocity,canonique,double,nombre réel fini,0.0,Vitesse imposée de la borne x maximale du domaine actif.,Domaine actif mobile
fluidXMin0,fluidXMin0,canonique,double,">= 0, dans [0,Lx]",0.0,Borne x minimale initiale du domaine fluide actif.,Domaine actif mobile
fluidXMinVelocity,fluidXMinVelocity,canonique,double,nombre réel fini,0.0,Vitesse imposée de la borne x minimale du domaine actif.,Domaine actif mobile
fluidYMax0,fluidYMax0,canonique,double,-1 hérite de Ly; sinon > fluidYMin0 et <= Ly,-1.0,Borne y maximale initiale du domaine fluide actif.,Domaine actif mobile
fluidYMaxVelocity,fluidYMaxVelocity,canonique,double,nombre réel fini,0.0,Vitesse imposée de la borne y maximale du domaine actif.,Domaine actif mobile
fluidYMin0,fluidYMin0,canonique,double,">= 0, dans [0,Ly]",0.0,Borne y minimale initiale du domaine fluide actif.,Domaine actif mobile
fluidYMinVelocity,fluidYMinVelocity,canonique,double,nombre réel fini,0.0,Vitesse imposée de la borne y minimale du domaine actif.,Domaine actif mobile
fluidYTop0,fluidYMax0,alias accepté,double,-1 hérite de Ly; sinon > fluidYMin0 et <= Ly,-1.0,Borne y maximale initiale du domaine fluide actif.,Domaine actif mobile
fluidYTopVelocity,fluidYMaxVelocity,alias accepté,double,nombre réel fini,0.0,Vitesse imposée de la borne y maximale du domaine actif.,Domaine actif mobile
gridShiftEnable,gridShiftEnable,canonique,booléen,booléen: true/1/yes/on ou false/0/no/off,true,Active le décalage aléatoire de grille avant collision.,Temps et collision SRC
immersedCircleCx,immersedSolidCx,alias accepté,double,nombre réel fini,0.5,Abscisse initiale du centre du cercle.,Solide immergé — cercle
immersedCircleCy,immersedSolidCy,alias accepté,double,nombre réel fini,0.5,Ordonnée initiale du centre du cercle.,Solide immergé — cercle
immersedCircleEnable,immersedSolidEnable,alias accepté,booléen,booléen: true/1/yes/on ou false/0/no/off,false,Active un solide immergé analytique.,Solide immergé
immersedCircleFractionSamples,immersedSolidFractionSamples,alias accepté,entier,> 0,4,Nombre d’échantillons pour estimer la fraction fluide/solide des cellules.,Solide immergé
immersedCircleOmega,immersedSolidOmega,alias accepté,double,nombre réel fini,0.0,"Vitesse angulaire du cercle, positive antihoraire.",Solide immergé — mouvement
immersedCircleR,immersedSolidR,alias accepté,double,> 0 si shape=circle/disk/disc,0.1,Rayon du cercle immergé.,Solide immergé — cercle
immersedCircleVx,immersedSolidVx,alias accepté,double,nombre réel fini,0.0,Vitesse de translation du solide en x.,Solide immergé — mouvement
immersedCircleVy,immersedSolidVy,alias accepté,double,nombre réel fini,0.0,Vitesse de translation du solide en y.,Solide immergé — mouvement
immersedCircleWallUx,immersedSolidWallUx,alias accepté,double,nombre réel fini,0.0,Offset uniforme de vitesse de paroi du solide en x.,Solide immergé — mouvement
immersedCircleWallUy,immersedSolidWallUy,alias accepté,double,nombre réel fini,0.0,Offset uniforme de vitesse de paroi du solide en y.,Solide immergé — mouvement
immersedSolidCx,immersedSolidCx,canonique,double,nombre réel fini,0.5,Abscisse initiale du centre du cercle.,Solide immergé — cercle
immersedSolidCy,immersedSolidCy,canonique,double,nombre réel fini,0.5,Ordonnée initiale du centre du cercle.,Solide immergé — cercle
immersedSolidEnable,immersedSolidEnable,canonique,booléen,booléen: true/1/yes/on ou false/0/no/off,false,Active un solide immergé analytique.,Solide immergé
immersedSolidFractionSamples,immersedSolidFractionSamples,canonique,entier,> 0,4,Nombre d’échantillons pour estimer la fraction fluide/solide des cellules.,Solide immergé
immersedSolidOmega,immersedSolidOmega,canonique,double,nombre réel fini,0.0,"Vitesse angulaire du cercle, positive antihoraire.",Solide immergé — mouvement
immersedSolidR,immersedSolidR,canonique,double,> 0 si shape=circle/disk/disc,0.1,Rayon du cercle immergé.,Solide immergé — cercle
immersedSolidShape,immersedSolidShape,canonique,enum string,circle; disk; disc; rectangle; rect; box; step,circle,Forme du solide immergé.,Solide immergé
immersedSolidVx,immersedSolidVx,canonique,double,nombre réel fini,0.0,Vitesse de translation du solide en x.,Solide immergé — mouvement
immersedSolidVy,immersedSolidVy,canonique,double,nombre réel fini,0.0,Vitesse de translation du solide en y.,Solide immergé — mouvement
immersedSolidWallUx,immersedSolidWallUx,canonique,double,nombre réel fini,0.0,Offset uniforme de vitesse de paroi du solide en x.,Solide immergé — mouvement
immersedSolidWallUy,immersedSolidWallUy,canonique,double,nombre réel fini,0.0,Offset uniforme de vitesse de paroi du solide en y.,Solide immergé — mouvement
immersedSolidXMax,immersedSolidXMax,canonique,double,nombre réel fini,0.25,Borne x maximale du rectangle.,Solide immergé — rectangle
immersedSolidXMin,immersedSolidXMin,canonique,double,nombre réel fini,0.0,Borne x minimale du rectangle.,Solide immergé — rectangle
immersedSolidYMax,immersedSolidYMax,canonique,double,nombre réel fini,0.50,Borne y maximale du rectangle.,Solide immergé — rectangle
immersedSolidYMin,immersedSolidYMin,canonique,double,nombre réel fini,0.0,Borne y minimale du rectangle.,Solide immergé — rectangle
injectRandomY,inletRandomizeTangential,alias accepté,booléen,booléen: true/1/yes/on ou false/0/no/off,true,Randomise la coordonnée tangentielle des particules injectées.,Entrées/sorties — injection
inletDensityCells,inletReservoirCells,alias accepté,entier,> 0 si hard_cell_density,1,Épaisseur du réservoir d’entrée en nombre de cellules.,Entrées/sorties — réservoir dur
inletGamma,inletTargetOccupancy,alias accepté,entier,> 0 si hard_cell_density,0,Nombre cible de particules par cellule de réservoir dur.,Entrées/sorties — réservoir dur
inletHardCellThermalRescale,inletHardCellThermalRescale,canonique,booléen,booléen: true/1/yes/on ou false/0/no/off,true,Rescale les fluctuations thermiques de la cellule d’entrée.,Entrées/sorties — réservoir dur
inletHardCellVelocityMean,inletHardCellVelocityMean,canonique,booléen,booléen: true/1/yes/on ou false/0/no/off,true,Recentre les vitesses injectées pour imposer exactement la moyenne de cellule.,Entrées/sorties — réservoir dur
inletInjectionMode,inletInjectionMode,canonique,enum string,cuda_recycle; thin_slab; hard_cell_density; hard_density; hard; cell_density,cuda_recycle,Mode historique de réinjection/recyclage des particules à l’entrée.,Entrées/sorties — injection
inletInjectionSlabCells,inletSlabCells,alias accepté,double,> 0,1.0,Épaisseur de la dalle d’injection en nombre de cellules locales.,Entrées/sorties — injection
inletKBT,inletKBT,canonique,double,négatif => hérite de kBT; sinon >0 recommandé,-1.0,Température cinétique imposée aux particules injectées.,Entrées/sorties — injection
inletProfile,inletVelocitySpatialProfile,alias accepté,enum string,uniform; poiseuille_y; poiseuille_y_mean; poiseuille_y_max; flat_taper_y; flat_taper_y_mean,uniform,Profil spatial de vitesse/flux imposé sur les entrées.,Entrées/sorties — profil spatial
inletRampEnable,inletVelocityRampEnable,alias accepté,booléen,booléen: true/1/yes/on ou false/0/no/off,false,Active une rampe temporelle multiplicative sur les vitesses/flux d’entrée.,Entrées/sorties — rampe
inletRampEndTime,inletVelocityRampEndTime,alias accepté,double,nombre réel fini,0.0,Temps de fin de la rampe d’entrée.,Entrées/sorties — rampe
inletRampFinalFactor,inletVelocityRampFinalFactor,alias accepté,double,nombre réel fini,1.0,Facteur multiplicatif final de vitesse/flux d’entrée.,Entrées/sorties — rampe
inletRampInitialFactor,inletVelocityRampInitialFactor,alias accepté,double,nombre réel fini,0.0,Facteur multiplicatif initial de vitesse/flux d’entrée.,Entrées/sorties — rampe
inletRampProfile,inletVelocityRampProfile,alias accepté,enum string,linear; smoothstep,linear,Loi d’interpolation temporelle de la rampe.,Entrées/sorties — rampe
inletRampStartTime,inletVelocityRampStartTime,alias accepté,double,nombre réel fini,0.0,Temps de début de la rampe d’entrée.,Entrées/sorties — rampe
inletRandomizeTangential,inletRandomizeTangential,canonique,booléen,booléen: true/1/yes/on ou false/0/no/off,true,Randomise la coordonnée tangentielle des particules injectées.,Entrées/sorties — injection
inletRandomizeTransverse,inletRandomizeTangential,alias accepté,booléen,booléen: true/1/yes/on ou false/0/no/off,true,Randomise la coordonnée tangentielle des particules injectées.,Entrées/sorties — injection
inletRandomizeY,inletRandomizeTangential,alias accepté,booléen,booléen: true/1/yes/on ou false/0/no/off,true,Randomise la coordonnée tangentielle des particules injectées.,Entrées/sorties — injection
inletReinjectBackflow,inletReinjectBackflow,canonique,booléen,booléen: true/1/yes/on ou false/0/no/off,true,Réinjecte les particules traversant une entrée dans le mauvais sens au lieu de les laisser sortir.,Entrées/sorties — injection
inletReservoirCells,inletReservoirCells,canonique,entier,> 0 si hard_cell_density,1,Épaisseur du réservoir d’entrée en nombre de cellules.,Entrées/sorties — réservoir dur
inletReservoirMode,inletReservoirMode,canonique,enum string,recycle; cuda_recycle; thin_slab; hard_cell_density; hard_density; hard; cell_density; default,recycle,Mode de réservoir d’entrée; les alias cuda_recycle/thin_slab sont normalisés vers recycle.,Entrées/sorties — réservoir dur
inletSlabCells,inletSlabCells,canonique,double,> 0,1.0,Épaisseur de la dalle d’injection en nombre de cellules locales.,Entrées/sorties — injection
inletSpatialProfile,inletVelocitySpatialProfile,alias accepté,enum string,uniform; poiseuille_y; poiseuille_y_mean; poiseuille_y_max; flat_taper_y; flat_taper_y_mean,uniform,Profil spatial de vitesse/flux imposé sur les entrées.,Entrées/sorties — profil spatial
inletTargetN,inletTargetOccupancy,alias accepté,entier,> 0 si hard_cell_density,0,Nombre cible de particules par cellule de réservoir dur.,Entrées/sorties — réservoir dur
inletTargetOccupancy,inletTargetOccupancy,canonique,entier,> 0 si hard_cell_density,0,Nombre cible de particules par cellule de réservoir dur.,Entrées/sorties — réservoir dur
inletThermalNoise,inletThermalNoise,canonique,double,>= 0,1.0,Amplitude du bruit thermique Maxwellien ajouté à l’inlet; 0 donne une vitesse déterministe.,Entrées/sorties — injection
inletUx,inletUx,canonique,double,nombre réel fini,(non stocké),Alias global pour la composante x de vitesse d’entrée.,Entrées/sorties — vitesse
inletUxBottom,inletUxBottom,canonique,double,nombre réel fini,0.0,Composante x de la vitesse prescrite sur l’entrée bottom.,Entrées/sorties — vitesse
inletUxLeft,inletUxLeft,canonique,double,nombre réel fini,0.0,Composante x de la vitesse prescrite sur l’entrée left.,Entrées/sorties — vitesse
inletUxRight,inletUxRight,canonique,double,nombre réel fini,0.0,Composante x de la vitesse prescrite sur l’entrée right.,Entrées/sorties — vitesse
inletUxTop,inletUxTop,canonique,double,nombre réel fini,0.0,Composante x de la vitesse prescrite sur l’entrée top.,Entrées/sorties — vitesse
inletUy,inletUy,canonique,double,nombre réel fini,(non stocké),Alias global pour la composante y de vitesse d’entrée.,Entrées/sorties — vitesse
inletUyBottom,inletUyBottom,canonique,double,nombre réel fini,0.0,Composante y de la vitesse prescrite sur l’entrée bottom.,Entrées/sorties — vitesse
inletUyLeft,inletUyLeft,canonique,double,nombre réel fini,0.0,Composante y de la vitesse prescrite sur l’entrée left.,Entrées/sorties — vitesse
inletUyRight,inletUyRight,canonique,double,nombre réel fini,0.0,Composante y de la vitesse prescrite sur l’entrée right.,Entrées/sorties — vitesse
inletUyTop,inletUyTop,canonique,double,nombre réel fini,0.0,Composante y de la vitesse prescrite sur l’entrée top.,Entrées/sorties — vitesse
inletVelocityRampEnable,inletVelocityRampEnable,canonique,booléen,booléen: true/1/yes/on ou false/0/no/off,false,Active une rampe temporelle multiplicative sur les vitesses/flux d’entrée.,Entrées/sorties — rampe
inletVelocityRampEndTime,inletVelocityRampEndTime,canonique,double,nombre réel fini,0.0,Temps de fin de la rampe d’entrée.,Entrées/sorties — rampe
inletVelocityRampFinalFactor,inletVelocityRampFinalFactor,canonique,double,nombre réel fini,1.0,Facteur multiplicatif final de vitesse/flux d’entrée.,Entrées/sorties — rampe
inletVelocityRampInitialFactor,inletVelocityRampInitialFactor,canonique,double,nombre réel fini,0.0,Facteur multiplicatif initial de vitesse/flux d’entrée.,Entrées/sorties — rampe
inletVelocityRampProfile,inletVelocityRampProfile,canonique,enum string,linear; smoothstep,linear,Loi d’interpolation temporelle de la rampe.,Entrées/sorties — rampe
inletVelocityRampStartTime,inletVelocityRampStartTime,canonique,double,nombre réel fini,0.0,Temps de début de la rampe d’entrée.,Entrées/sorties — rampe
inletVelocitySpatialProfile,inletVelocitySpatialProfile,canonique,enum string,uniform; poiseuille_y; poiseuille_y_mean; poiseuille_y_max; flat_taper_y; flat_taper_y_mean,uniform,Profil spatial de vitesse/flux imposé sur les entrées.,Entrées/sorties — profil spatial
inletVelocityWallTaperCells,inletVelocityWallTaperCells,canonique,double,>= 0,2.0,"Largeur du lissage/taper près des murs, exprimée en cellules.",Entrées/sorties — profil spatial
inletVelocityX,inletUx,alias accepté,double,nombre réel fini,(non stocké),Alias global pour la composante x de vitesse d’entrée.,Entrées/sorties — vitesse
inletVelocityY,inletUy,alias accepté,double,nombre réel fini,(non stocké),Alias global pour la composante y de vitesse d’entrée.,Entrées/sorties — vitesse
inletWallTaperCells,inletVelocityWallTaperCells,alias accepté,double,>= 0,2.0,"Largeur du lissage/taper près des murs, exprimée en cellules.",Entrées/sorties — profil spatial
inputState,inputState,canonique,chemin,chaîne non vide,(obligatoire),Fichier d’état initial .smpcd lu par l’exécutable.,I/O et exécution
kBT,kBT,canonique,double,>=0 usuel; doit être >0 quand hérité par thermostat/paroi/inlet bruité,0.0,Température cinétique globale de référence.,Thermostat
keepMeanFlow,keepMeanFlowEnable,alias accepté,booléen,booléen: true/1/yes/on ou false/0/no/off,false,Active un correcteur global de vitesse moyenne après SRC/Q6/thermostat.,Forçage et contrôle d’écoulement
keepMeanFlowEnable,keepMeanFlowEnable,canonique,booléen,booléen: true/1/yes/on ou false/0/no/off,false,Active un correcteur global de vitesse moyenne après SRC/Q6/thermostat.,Forçage et contrôle d’écoulement
Lx,Lx,canonique,double,> 0,1.0,Longueur du domaine numérique en x.,Domaine et grille
Ly,Ly,canonique,double,> 0,1.0,Longueur du domaine numérique en y.,Domaine et grille
meanFlowUx,targetMeanUx,alias accepté,double,nombre réel fini,0.0,Vitesse moyenne cible en x.,Forçage et contrôle d’écoulement
meanFlowUy,targetMeanUy,alias accepté,double,nombre réel fini,0.0,Vitesse moyenne cible en y.,Forçage et contrôle d’écoulement
nSteps,nSteps,canonique,entier,>= 0,1000,Nombre de pas de temps simulés.,Temps et collision SRC
numThreads,numThreads,canonique,entier,entier >= 0; 0 laisse OpenMP décider,0,Force omp_set_num_threads(numThreads).,I/O et exécution
Nx,Nx,canonique,entier,> 0,32,Nombre de cellules MPCD/projection en x.,Domaine et grille
Ny,Ny,canonique,entier,> 0,32,Nombre de cellules MPCD/projection en y.,Domaine et grille
openBoundaryOutletFeedbackGain,openBoundaryOutletFeedbackGain,canonique,double,"[0,1]",0.0,Gain du feedback global outlet-only sur le déséquilibre de flux.,Entrées/sorties — sortie Q6
openBoundaryOutletHybridBlend,openBoundaryOutletHybridBlend,canonique,double,"[0,1]",0.0,Mélange entre profil local Neumann et profil équilibré.,Entrées/sorties — sortie Q6
openBoundaryOutletMassFeedbackGain,openBoundaryOutletFeedbackGain,alias accepté,double,"[0,1]",0.0,Gain du feedback global outlet-only sur le déséquilibre de flux.,Entrées/sorties — sortie Q6
openBoundaryOutletMode,openBoundaryOutletMode,canonique,enum string,balanced_flux; prescribed_flux; balanced; prescribed; dirichlet; neumann; free; zero_gradient; zero_normal_gradient; hybrid; neumann_feedback; hybrid_feedback,balanced_flux,Politique de flux de sortie pour la projection Q6 open-boundary.,Entrées/sorties — sortie Q6
openBoundarySegmentCount,openBoundarySegmentCount,canonique,entier,0 si désactivé; 1..16 si activé,0,Nombre de segments ouverts définis.,Entrées/sorties — segments
openBoundarySegmentK,openBoundarySegmentK,groupe dynamique,record,"face mode sMin sMax ux uy type mass; face={left,right,bottom,top}; mode=inlet/input/outlet/output/open; 0<=sMin<sMax<=1; mass>0",(aucun),Déclaration d’un segment relatif sur une face solide/specular/bounceback.,Entrées/sorties — segments
openBoundarySegmentsEnable,openBoundarySegmentsEnable,canonique,booléen,booléen: true/1/yes/on ou false/0/no/off,false,Active les segments compacts inlet/outlet sur des faces autrement wall-like.,Entrées/sorties — segments
openBoundaryVelocityProfile,inletVelocitySpatialProfile,alias accepté,enum string,uniform; poiseuille_y; poiseuille_y_mean; poiseuille_y_max; flat_taper_y; flat_taper_y_mean,uniform,Profil spatial de vitesse/flux imposé sur les entrées.,Entrées/sorties — profil spatial
openBoundaryVelocityWallTaperCells,inletVelocityWallTaperCells,alias accepté,double,>= 0,2.0,"Largeur du lissage/taper près des murs, exprimée en cellules.",Entrées/sorties — profil spatial
openOutletBoundaryMode,openBoundaryOutletMode,alias accepté,enum string,balanced_flux; prescribed_flux; balanced; prescribed; dirichlet; neumann; free; zero_gradient; zero_normal_gradient; hybrid; neumann_feedback; hybrid_feedback,balanced_flux,Politique de flux de sortie pour la projection Q6 open-boundary.,Entrées/sorties — sortie Q6
openOutletFeedbackGain,openBoundaryOutletFeedbackGain,alias accepté,double,"[0,1]",0.0,Gain du feedback global outlet-only sur le déséquilibre de flux.,Entrées/sorties — sortie Q6
openOutletHybridBlend,openBoundaryOutletHybridBlend,alias accepté,double,"[0,1]",0.0,Mélange entre profil local Neumann et profil équilibré.,Entrées/sorties — sortie Q6
outletBoundaryMode,openBoundaryOutletMode,alias accepté,enum string,balanced_flux; prescribed_flux; balanced; prescribed; dirichlet; neumann; free; zero_gradient; zero_normal_gradient; hybrid; neumann_feedback; hybrid_feedback,balanced_flux,Politique de flux de sortie pour la projection Q6 open-boundary.,Entrées/sorties — sortie Q6
outletFeedbackGain,openBoundaryOutletFeedbackGain,alias accepté,double,"[0,1]",0.0,Gain du feedback global outlet-only sur le déséquilibre de flux.,Entrées/sorties — sortie Q6
outletHybridBlend,openBoundaryOutletHybridBlend,alias accepté,double,"[0,1]",0.0,Mélange entre profil local Neumann et profil équilibré.,Entrées/sorties — sortie Q6
outputDir,outputDir,canonique,chemin,chaîne non vide,run_base,"Répertoire de sortie du run: summaries, dumps et fichiers associés.",I/O et exécution
projectionAllowUnmaskedImmersedSolid,projectionAllowUnmaskedImmersedSolid,canonique,booléen,booléen: true/1/yes/on ou false/0/no/off,false,Autorise explicitement Q6 avec solide immergé non masqué.,Projection Q6 / solide immergé
projectionEnable,projectionEnable,canonique,booléen,booléen: true/1/yes/on ou false/0/no/off,false,Active la projection incompressible Q6.,Projection Q6 / elliptique
projectionImmersedSolidCloseCutFaces,projectionImmersedSolidCloseCutFaces,canonique,booléen,booléen: true/1/yes/on ou false/0/no/off,true,Ferme les faces coupées par le solide immergé dans la projection.,Projection Q6 / solide immergé
projectionImmersedSolidFluidFractionThreshold,projectionImmersedSolidFluidFractionThreshold,canonique,double,"[0,1]",0.5,Seuil de fraction fluide pour classer/masquer les cellules solides.,Projection Q6 / solide immergé
projectionImmersedSolidMaskEnable,projectionImmersedSolidMaskEnable,canonique,booléen,booléen: true/1/yes/on ou false/0/no/off,false,Active le masque solide immergé dans la projection.,Projection Q6 / solide immergé
projectionMaxIterations,projectionMaxIterations,canonique,entier,>=0,300,Nombre maximal d’itérations CG.,Projection Q6 / elliptique
projectionMomentumCorrectionEnable,projectionMomentumCorrectionEnable,canonique,booléen,booléen: true/1/yes/on ou false/0/no/off,true,Active la correction globale de quantité de mouvement après projection.,Projection Q6 / elliptique
projectionOperator,projectionOperator,canonique,enum string,periodic_fv_cg; channel_fv_cg; auto_fv_cg; elliptic_fv_cg,periodic_fv_cg,Opérateur elliptique/div-grad utilisé par la projection.,Projection Q6 / elliptique
projectionStrength,q6ProjectionStrength,alias accepté,double,"[0,1]",1.0,Sous-relaxation de la correction fluide-fluide Q6.,Projection Q6 / elliptique
projectionTolerance,projectionTolerance,canonique,double,>0,1.0e-10,Tolérance relative/numérique du solveur de projection.,Projection Q6 / elliptique
q6ProjectionStrength,q6ProjectionStrength,canonique,double,"[0,1]",1.0,Sous-relaxation de la correction fluide-fluide Q6.,Projection Q6 / elliptique
q6q9OutletBoundaryMode,openBoundaryOutletMode,alias accepté,enum string,balanced_flux; prescribed_flux; balanced; prescribed; dirichlet; neumann; free; zero_gradient; zero_normal_gradient; hybrid; neumann_feedback; hybrid_feedback,balanced_flux,Politique de flux de sortie pour la projection Q6 open-boundary.,Entrées/sorties — sortie Q6
randomRotationSign,randomRotationSign,canonique,booléen,booléen: true/1/yes/on ou false/0/no/off,true,Active le signe aléatoire de la rotation collisionnelle.,Temps et collision SRC
reinjectBackflow,inletReinjectBackflow,alias accepté,booléen,booléen: true/1/yes/on ou false/0/no/off,true,Réinjecte les particules traversant une entrée dans le mauvais sens au lieu de les laisser sortir.,Entrées/sorties — injection
resamplingActiveFluidFractionThreshold,resamplingActiveFluidFractionThreshold,canonique,double,"[0,1]",0.5,Seuil de fraction fluide active pour considérer une cellule éligible.,Resampling pondéré — masque wet
resamplingEnable,resamplingEnable,canonique,booléen,booléen: true/1/yes/on ou false/0/no/off,false,Switch maître de toutes les opérations de rôle/changement de population.,Resampling pondéré — switches
resamplingExtractionEnable,resamplingExtractionEnable,canonique,booléen,booléen: true/1/yes/on ou false/0/no/off,false,Active l’extraction Fluid -> Inactive depuis cellules riches.,Resampling pondéré — switches
resamplingInsertionEnable,resamplingInsertionEnable,canonique,booléen,booléen: true/1/yes/on ou false/0/no/off,false,Active l’insertion Inactive -> Fluid vers cellules pauvres.,Resampling pondéré — switches
resamplingLatentActivationEnable,resamplingLatentActivationEnable,canonique,booléen,booléen: true/1/yes/on ou false/0/no/off,false,Active la conversion Latent -> Fluid pour remplir les cellules pauvres/vides.,Resampling pondéré — latent
resamplingLatentActivationMaxPerCell,resamplingLatentActivationMaxPerCell,canonique,entier,>0 si activation latente active,1,Nombre maximal d’activations latentes par cellule.,Resampling pondéré — latent
resamplingLatentActivationParticleMass,resamplingLatentActivationParticleMass,canonique,double,>=0; 0 => targetCellMass/maxPerCell,0.0,Masse attribuée aux particules activées depuis latent.,Resampling pondéré — latent
resamplingLatentParticleMass,resamplingLatentActivationParticleMass,alias accepté,double,>=0; 0 => targetCellMass/maxPerCell,0.0,Masse attribuée aux particules activées depuis latent.,Resampling pondéré — latent
resamplingLatentToFluidEnable,resamplingLatentActivationEnable,alias accepté,booléen,booléen: true/1/yes/on ou false/0/no/off,false,Active la conversion Latent -> Fluid pour remplir les cellules pauvres/vides.,Resampling pondéré — latent
resamplingMassGuardEnable,resamplingMassGuardEnable,canonique,booléen,booléen: true/1/yes/on ou false/0/no/off,false,Active le garde de bornes de masse particulaire.,Resampling pondéré — masse
resamplingMassMax,resamplingParticleMassMax,alias accepté,double,> resamplingParticleMassMin,4.0,Borne supérieure de masse particulaire.,Resampling pondéré — masse
resamplingMassMin,resamplingParticleMassMin,alias accepté,double,>=0,0.25,Borne inférieure de masse particulaire.,Resampling pondéré — masse
resamplingMassRemapPeriod,resamplingMassRenormalizationPeriod,alias accepté,entier,>=0; 0 désactive remap/guard de masse,1,Période K de renormalisation/remap de masse.,Resampling pondéré — masse
resamplingMassRenormalisationPeriod,resamplingMassRenormalizationPeriod,alias accepté,entier,>=0; 0 désactive remap/guard de masse,1,Période K de renormalisation/remap de masse.,Resampling pondéré — masse
resamplingMassRenormalizationPeriod,resamplingMassRenormalizationPeriod,canonique,entier,>=0; 0 désactive remap/guard de masse,1,Période K de renormalisation/remap de masse.,Resampling pondéré — masse
resamplingMassSafetyEnable,resamplingMassGuardEnable,alias accepté,booléen,booléen: true/1/yes/on ou false/0/no/off,false,Active le garde de bornes de masse particulaire.,Resampling pondéré — masse
resamplingNMax,resamplingPopulationNMax,alias accepté,entier,>=0; 0 avec les deux autres bornes => inférence,0,Borne haute de population par cellule.,Resampling pondéré — population
resamplingNMaxExtractionsPerCell,resamplingPopulationMaxExtractionsPerCell,alias accepté,entier,>=0,64,Limite d’extractions par cellule et par step.,Resampling pondéré — population
resamplingNMaxExtractionsPerStep,resamplingPopulationMaxExtractionsPerStep,alias accepté,entier,>=0,200000,Limite globale d’extractions par step.,Resampling pondéré — population
resamplingNMaxFraction,resamplingPopulationNMaxFraction,alias accepté,double,>=1,1.30,Fraction utilisée pour inférer NMax.,Resampling pondéré — population
resamplingNMaxSplitsPerCell,resamplingPopulationMaxSplitsPerCell,alias accepté,entier,>=0,16,Limite de splits par cellule et par step.,Resampling pondéré — population
resamplingNMaxSplitsPerStep,resamplingPopulationMaxSplitsPerStep,alias accepté,entier,>=0,200000,Limite globale de splits par step.,Resampling pondéré — population
resamplingNMin,resamplingPopulationNMin,alias accepté,entier,>=0; 0 avec les deux autres bornes => inférence,0,Borne basse de population par cellule.,Resampling pondéré — population
resamplingNMinFraction,resamplingPopulationNMinFraction,alias accepté,double,"(0,1]",0.70,Fraction utilisée pour inférer NMin.,Resampling pondéré — population
resamplingNTarget,resamplingPopulationNTarget,alias accepté,entier,>=0; 0 avec les deux autres bornes => inférence,0,Population cible par cellule.,Resampling pondéré — population
resamplingParticleMassMax,resamplingParticleMassMax,canonique,double,> resamplingParticleMassMin,4.0,Borne supérieure de masse particulaire.,Resampling pondéré — masse
resamplingParticleMassMin,resamplingParticleMassMin,canonique,double,>=0,0.25,Borne inférieure de masse particulaire.,Resampling pondéré — masse
resamplingPoorCellMassFraction,resamplingPoorCellMassFraction,canonique,double,>=0,0.5,Fraction de masse cible sous laquelle une cellule est pauvre.,Resampling pondéré — seuils pauvre/riche
resamplingPoorMassFraction,resamplingPoorCellMassFraction,alias accepté,double,>=0,0.5,Fraction de masse cible sous laquelle une cellule est pauvre.,Resampling pondéré — seuils pauvre/riche
resamplingPopulationMaxExtractionsPerCell,resamplingPopulationMaxExtractionsPerCell,canonique,entier,>=0,64,Limite d’extractions par cellule et par step.,Resampling pondéré — population
resamplingPopulationMaxExtractionsPerStep,resamplingPopulationMaxExtractionsPerStep,canonique,entier,>=0,200000,Limite globale d’extractions par step.,Resampling pondéré — population
resamplingPopulationMaxSplitsPerCell,resamplingPopulationMaxSplitsPerCell,canonique,entier,>=0,16,Limite de splits par cellule et par step.,Resampling pondéré — population
resamplingPopulationMaxSplitsPerStep,resamplingPopulationMaxSplitsPerStep,canonique,entier,>=0,200000,Limite globale de splits par step.,Resampling pondéré — population
resamplingPopulationNMax,resamplingPopulationNMax,canonique,entier,>=0; 0 avec les deux autres bornes => inférence,0,Borne haute de population par cellule.,Resampling pondéré — population
resamplingPopulationNMaxFraction,resamplingPopulationNMaxFraction,canonique,double,>=1,1.30,Fraction utilisée pour inférer NMax.,Resampling pondéré — population
resamplingPopulationNMin,resamplingPopulationNMin,canonique,entier,>=0; 0 avec les deux autres bornes => inférence,0,Borne basse de population par cellule.,Resampling pondéré — population
resamplingPopulationNMinFraction,resamplingPopulationNMinFraction,canonique,double,"(0,1]",0.70,Fraction utilisée pour inférer NMin.,Resampling pondéré — population
resamplingPopulationNTarget,resamplingPopulationNTarget,canonique,entier,>=0; 0 avec les deux autres bornes => inférence,0,Population cible par cellule.,Resampling pondéré — population
resamplingRemapEnable,resamplingRemapEnable,canonique,booléen,booléen: true/1/yes/on ou false/0/no/off,false,Active le remap/renormalisation locale de masse.,Resampling pondéré — switches
resamplingRemapPeriod,resamplingMassRenormalizationPeriod,alias accepté,entier,>=0; 0 désactive remap/guard de masse,1,Période K de renormalisation/remap de masse.,Resampling pondéré — masse
resamplingRichCellMassFraction,resamplingRichCellMassFraction,canonique,double,> resamplingPoorCellMassFraction,1.5,Fraction de masse cible au-dessus de laquelle une cellule est riche.,Resampling pondéré — seuils pauvre/riche
resamplingRichMassFraction,resamplingRichCellMassFraction,alias accepté,double,> resamplingPoorCellMassFraction,1.5,Fraction de masse cible au-dessus de laquelle une cellule est riche.,Resampling pondéré — seuils pauvre/riche
resamplingTargetCellMass,resamplingTargetCellMass,canonique,double,>=0; 0 => infère la masse moyenne courante,0.0,Masse cible par cellule pour diagnostics/remap resampling.,Resampling pondéré — cible
resamplingThermalRenormalisationEnable,resamplingThermalRenormalizationEnable,alias accepté,booléen,booléen: true/1/yes/on ou false/0/no/off,false,Active la correction thermique liée au resampling.,Resampling pondéré — switches
resamplingThermalRenormalizationEnable,resamplingThermalRenormalizationEnable,canonique,booléen,booléen: true/1/yes/on ou false/0/no/off,false,Active la correction thermique liée au resampling.,Resampling pondéré — switches
resamplingWetCellMassThreshold,resamplingWetCellMassThreshold,canonique,double,>=0,0.0,Seuil de masse minimale d’une cellule wet.,Resampling pondéré — masque wet
resamplingWetMaskMode,resamplingWetMaskMode,canonique,enum string,active_domain; occupied,active_domain,Définition des cellules wet/actives pour le resampling.,Resampling pondéré — masque wet
resamplingWetMassThreshold,resamplingWetCellMassThreshold,alias accepté,double,>=0,0.0,Seuil de masse minimale d’une cellule wet.,Resampling pondéré — masque wet
rngSeed,rngSeed,canonique,uint64,entier non signé 64 bits,12345,Graine de génération pseudo-aléatoire.,Temps et collision SRC
rotationAngle,rotationAngle,canonique,double,réel non NaN; alphaDeg converti en radians,2.0943951023931953 rad,Angle de rotation SRD/MPCD.,Temps et collision SRC
summaryEvery,summaryEvery,canonique,entier,entier > 0,10,Cadence d’écriture de summary_runtime.csv et d’affichage de progression.,I/O et exécution
targetMeanUx,targetMeanUx,canonique,double,nombre réel fini,0.0,Vitesse moyenne cible en x.,Forçage et contrôle d’écoulement
targetMeanUy,targetMeanUy,canonique,double,nombre réel fini,0.0,Vitesse moyenne cible en y.,Forçage et contrôle d’écoulement
taylorGreenForcingAmplitude,taylorGreenForcingAmplitude,canonique,double,>= 0,0.0,Amplitude A du forçage Taylor–Green.,Forçage Taylor–Green
taylorGreenForcingEnable,taylorGreenForcingEnable,canonique,booléen,booléen: true/1/yes/on ou false/0/no/off,false,Active un forçage corporel périodique divergence-free de type Taylor–Green.,Forçage Taylor–Green
taylorGreenForcingModeX,taylorGreenForcingModeX,canonique,entier,> 0,1,Nombre d’onde entier en x du forçage Taylor–Green.,Forçage Taylor–Green
taylorGreenForcingModeY,taylorGreenForcingModeY,canonique,entier,> 0,1,Nombre d’onde entier en y du forçage Taylor–Green.,Forçage Taylor–Green
tgForceAmplitude,taylorGreenForcingAmplitude,alias accepté,double,>= 0,0.0,Amplitude A du forçage Taylor–Green.,Forçage Taylor–Green
tgForcingAmplitude,taylorGreenForcingAmplitude,alias accepté,double,>= 0,0.0,Amplitude A du forçage Taylor–Green.,Forçage Taylor–Green
tgForcingEnable,taylorGreenForcingEnable,alias accepté,booléen,booléen: true/1/yes/on ou false/0/no/off,false,Active un forçage corporel périodique divergence-free de type Taylor–Green.,Forçage Taylor–Green
tgForcingModeX,taylorGreenForcingModeX,alias accepté,entier,> 0,1,Nombre d’onde entier en x du forçage Taylor–Green.,Forçage Taylor–Green
tgForcingModeY,taylorGreenForcingModeY,alias accepté,entier,> 0,1,Nombre d’onde entier en y du forçage Taylor–Green.,Forçage Taylor–Green
thermostatEnable,thermostatEnable,canonique,booléen,booléen: true/1/yes/on ou false/0/no/off,false,Active le thermostat mass-aware par cellule.,Thermostat
thermostatEpsilon,thermostatEpsilon,canonique,double,>0 si thermostatEnable=true,1.0e-30,Seuil numérique anti-division par zéro du thermostat.,Thermostat
thermostatEvery,thermostatEvery,canonique,entier,>0 si thermostatEnable=true,1,Cadence du thermostat en pas de temps.,Thermostat
thermostatMinParticles,thermostatMinParticles,canonique,entier,>=2 si thermostatEnable=true,3,Nombre minimal de particules d’une cellule pour thermostat.,Thermostat
thermostatMode,thermostatMode,canonique,enum string,cell_relative_rescale,cell_relative_rescale,Mode de thermostat: rescale des vitesses relatives au centre de masse cellulaire.,Thermostat
thermostatTargetKBT,thermostatTargetKBT,canonique,double,négatif => hérite de kBT; sinon >0; 0 invalide si actif,-1.0,Température cinétique cible du thermostat.,Thermostat
U0,targetMeanUx,alias accepté,double,nombre réel fini,0.0,Vitesse moyenne cible en x.,Forçage et contrôle d’écoulement
wallAccommodation,wallAccommodation,canonique,double,"[0,1]",1.0,"Coefficient d’accommodation de paroi: 0 glissant/specular-like, 1 couplage thermique complet.",Parois
wallKBT,wallKBT,canonique,double,négatif => hérite de kBT; sinon >0 si couplage actif,-1.0,Température cinétique de paroi.,Parois
wallThermalNoise,wallThermalNoise,canonique,double,>= 0,1.0,Amplitude du bruit thermique de paroi; 0 donne un couplage déterministe.,Parois
wallUxBottom,wallVpUxBottom,alias accepté,double,nombre réel fini,0.0,Composante x de la vitesse de paroi sur la face bottom.,Parois — vitesses
wallUxLeft,wallVpUxLeft,alias accepté,double,nombre réel fini,0.0,Composante x de la vitesse de paroi sur la face left.,Parois — vitesses
wallUxRight,wallVpUxRight,alias accepté,double,nombre réel fini,0.0,Composante x de la vitesse de paroi sur la face right.,Parois — vitesses
wallUxTop,wallVpUxTop,alias accepté,double,nombre réel fini,0.0,Composante x de la vitesse de paroi sur la face top.,Parois — vitesses
wallUyBottom,wallVpUyBottom,alias accepté,double,nombre réel fini,0.0,Composante y de la vitesse de paroi sur la face bottom.,Parois — vitesses
wallUyLeft,wallVpUyLeft,alias accepté,double,nombre réel fini,0.0,Composante y de la vitesse de paroi sur la face left.,Parois — vitesses
wallUyRight,wallVpUyRight,alias accepté,double,nombre réel fini,0.0,Composante y de la vitesse de paroi sur la face right.,Parois — vitesses
wallUyTop,wallVpUyTop,alias accepté,double,nombre réel fini,0.0,Composante y de la vitesse de paroi sur la face top.,Parois — vitesses
wallVpEnable,wallVpEnable,canonique,booléen,booléen: true/1/yes/on ou false/0/no/off,false,Active explicitement le couplage virtual-particle de paroi legacy.,Parois
wallVpGamma,wallVpGamma,canonique,double,>= 0; 0 infère l’occupation moyenne réelle,0.0,Population virtuelle de paroi dans une cellule de collision entièrement solide.,Parois
wallVpKBT,wallVpKBT,canonique,double,alias legacy thermique; négatif => hérite de kBT; 0 invalide si actif,-1.0,Ancien paramètre de température de paroi VP.,Parois
wallVpMass,wallVpMass,canonique,double,> 0,1.0,Masse des particules virtuelles/agrégat de paroi.,Parois
wallVpMode,wallVpMode,canonique,enum string,thermal; deterministic_thermal; stochastic_fraction,thermal,Mode de couplage thermique de paroi; stochastic_fraction est accepté comme alias legacy.,Parois
wallVpUxBottom,wallVpUxBottom,canonique,double,nombre réel fini,0.0,Composante x de la vitesse de paroi sur la face bottom.,Parois — vitesses
wallVpUxLeft,wallVpUxLeft,canonique,double,nombre réel fini,0.0,Composante x de la vitesse de paroi sur la face left.,Parois — vitesses
wallVpUxRight,wallVpUxRight,canonique,double,nombre réel fini,0.0,Composante x de la vitesse de paroi sur la face right.,Parois — vitesses
wallVpUxTop,wallVpUxTop,canonique,double,nombre réel fini,0.0,Composante x de la vitesse de paroi sur la face top.,Parois — vitesses
wallVpUyBottom,wallVpUyBottom,canonique,double,nombre réel fini,0.0,Composante y de la vitesse de paroi sur la face bottom.,Parois — vitesses
wallVpUyLeft,wallVpUyLeft,canonique,double,nombre réel fini,0.0,Composante y de la vitesse de paroi sur la face left.,Parois — vitesses
wallVpUyRight,wallVpUyRight,canonique,double,nombre réel fini,0.0,Composante y de la vitesse de paroi sur la face right.,Parois — vitesses
wallVpUyTop,wallVpUyTop,canonique,double,nombre réel fini,0.0,Composante y de la vitesse de paroi sur la face top.,Parois — vitesses
weightedResamplingEnable,resamplingEnable,alias accepté,booléen,booléen: true/1/yes/on ou false/0/no/off,false,Switch maître de toutes les opérations de rôle/changement de population.,Resampling pondéré — switches
weightedResamplingTargetCellMass,resamplingTargetCellMass,alias accepté,double,>=0; 0 => infère la masse moyenne courante,0.0,Masse cible par cellule pour diagnostics/remap resampling.,Resampling pondéré — cible
