implementation,kind,current_status,runtime_control,effective_dependencies,current_x12_usage,code_state,evidence
x10a,C++ helper / legacy kinetic path,"intégré, sans flag; encore appelé par le chemin cinétique historique",aucun flag dédié,chemin legacy q6_x9y_decide_crossing; non utilisé comme reconstruction Q2,indirect/non central; chaîne x12 prend x10o+Q2,q6_x10a_sample_alpha_normal calcule la normale bilinéaire au point de crossing; certains seals historiques restent sélectifs.,"src/cuda_q6_resident_0400.cu:3727-3790,4705-4755"
x10b historique,ancienne étape de rétention,supplanté; pas d'implémentation runtime x10b historique distincte dans le C++ courant,aucun,n/a,non,"Les scripts/analyzers x10b restent archivés; les occurrences 'x10b' C++ actuelles appartiennent surtout à x10biq (biquadratique), à ne pas confondre.",scripts/analyze_0493x10b_hard_bulk_retention.py; src/cuda_q6_resident_0400.cu:6440+ (x10biq)
x10c historique,ancienne barrière endpoint,retiré/supplanté,aucun,n/a,non,Le chemin x10h courant indique explicitement qu'il n'y a plus de barrière universelle x10c/x10e.,"src/cuda_q6_resident_0400.cu:9438,9938-9944"
x10d,réaction analytique hard-r1 historique,branche C++ encore présente mais non atteinte par l'orchestration hôte actuelle pour r>=1,aucun flag dédié,"q6_x9z_prepare_receiver_reaction contient branche r>=1, mais l'appel hôte de ce kernel se fait seulement dans else r<1",non,Code conservé pour historique/tests; hard-r1 actuel utilise x10i si aucune ablation continue/spéculaire n'est active.,"src/cuda_q6_resident_0400.cu:9108-9234,18421-18489"
x10e historique,ancienne barrière/mirror endpoint,retiré/supplanté,aucun,n/a,non,Absence explicite de barrière universelle x10c/x10e dans x10h.,"src/cuda_q6_resident_0400.cu:9438,9938-9944"
x10f/x10g,réaction globale conservative / réduction globale,définitions CUDA conservées mais sans call-site actif,aucun,aucun appel hôte trouvé aux kernels x10f/x10g dans le snapshot,non,Code mort retenu comme historique; la réaction hard-r1 legacy active est x10i mésoscopique.,"src/cuda_q6_resident_0400.cu:4999 (x10g def),8956 (x10f def); aucune seconde occurrence/call-site"
x10h,sémantique de crossing mobile legacy,"intégré au chemin cinétique historique, sans flag",aucun,legacy q6_x9y/q6_x9z lorsque x10o/n/m/j/k sont tous inactifs,bypassé par x10o,Gate relatif à l'interface/bain et absence de barrière universelle; seals seulement pour donneurs réfléchis pertinents.,"src/cuda_q6_resident_0400.cu:~4780-4860,9438,9938"
x10i,réaction mésoscopique conservative,"active fallback hard-r1, pas production x12",MPCD_X10I_REACTION_BLOCK_CELLS,r>=1 et aucune branche x10o/x10n/x10m/x10j/x10k,non,"Blocs décalés déterministiquement; taille clampée [2,32], défaut 5.","src/cuda_q6_resident_0400.cu:18044-18061,18421-18469"
x10j/x10k/x10m/x10n,ablations / architectures de paroi,implémentations sélectionnables conservées; toutes OFF en x12 production,"MPCD_X10J_*, MPCD_X10K_*, MPCD_X10M_*, MPCD_X10N_*",r>=1; priorité x10o > x10n > x10m > x10k > x10j,OFF,Les primitives x10n restent néanmoins réutilisées par x10o/Q2/x12a.,src/cuda_q6_resident_0400.cu:17803-17834; scripts/run_0493x12d_jfm524_measurement_case.sh:180-184
x10l,diagnostic pre-wall,actif et passif; cadence audit seulement,MPCD_X10L_PREWALL_INTERFACE_DIAGNOSTICS,chemin réflexion cinétique; auditDev seulement,ON JFM x12d; OFF x12cal/x12yl,Deux kernels diagnostic; aucune modification de vitesse/position.,src/cuda_q6_resident_0400.cu:18376-18410; scripts/run_0493x12d_jfm524_measurement_case.sh:185
x10o,paroi thermique Q6 continue,socle production x12,MPCD_X10O_Q6_THERMAL_INTERFACE_WALL + mass/sigmas/maxCells,r>=1; champ hydro Q6 projeté valide du même pas,ON,"Enveloppe min(maxCells*h,C*dt*sqrt(kBT/m)); sert de base au Q2/CIC/x10u/x10v/x12a.","src/cuda_q6_resident_0400.cu:17752-17757,17968-17994; x12d:184,195-197"
x10p+x10q,initial-overlap + fallback large recherche,actif production,MPCD_X10P_INITIAL_OVERLAP_RESOLUTION; aucun flag x10q,x10p effectif sous x10o; x10u requiert x10p,ON,3x3 normal; fallback x10q 7x7 seulement pour initial-overlap sans segment trouvé.,"src/cuda_q6_resident_0400.cu:17815-17817,17867-17871,8003-8076; x12d:190"
x10r/x10s/x10t,ablations cinématiques endpoint,"code conservé, OFF production","MPCD_X10R_*, MPCD_X10S_*, MPCD_X10T_*",x10o; mutuellement exclusifs; Q2 exige les trois OFF,OFF,x10r full-vector; x10s projection normale segment; x10t tangentiel rigide.,"src/cuda_q6_resident_0400.cu:17755-17802,17852-17865; x12d:191-193"
x10cic,alpha cinétique CIC dédié,actif production x12,MPCD_X10_KINETIC_INTERFACE_CIC,réflexion cinétique Q6; phase-A referenceCellMass>0,ON,Dépôt CIC fusionné dans le passage total-A; filtre cellule séparé; alpha x6c Q6/capillaire inchangé. Toujours orchestré depuis apply_independent_masked_species_q6_0493w5.,"src/cuda_q6_resident_0400.cu:2447-2452,10960-11028,18108-18138,22329-22345"
x10biq (flag QUADRATIC),reconstruction interface vrai Q2,actif production x12,MPCD_X10_KINETIC_INTERFACE_QUADRATIC,x10o + CIC; x10r/s/t OFF,ON,"Biquadratique tensoriel 3x3, 9 alpha loads/patch, pas de buffer/kernel/global pass ajouté.","src/cuda_q6_resident_0400.cu:6450-6458,17852-17865; x12d:187"
x10u,relocalisation one-for-one,actif production x12,MPCD_X10_KINETIC_INTERFACE_ONE_FOR_ONE,Q2 + x10p,ON,Position-mirror de la même particule; masse/vitesse inchangées par x10u; pas de split/merge.,"src/cuda_q6_resident_0400.cu:17866-17872,8170-8390"
x10v,swap local conservatif,actif production x12,MPCD_X10_KINETIC_INTERFACE_ONE_FOR_ONE_SWAP,x10u,ON,Swap vectoriel complet avec candidat intérieur de même masse; 1 byte/particle + 2 kernels; conservation paire P/K pour masses égales.,"src/cuda_q6_resident_0400.cu:8417-8498,18519-18560"
x10w,limiter thermique pairwise conservative,implémenté mais OFF production x12,MPCD_X10_KINETIC_INTERFACE_THERMAL_PHASE_LIMITER + CHI_ON/FULL/ETA_CAP,x10v + x10o + Q2; exclusif x12a,OFF,"Redistribution pré-stream locale par paire, conservative P/K; ancien virtual-position limiter explicitement passé à 0.","src/cuda_q6_resident_0400.cu:17881-17918,18002-18041,18505-18510"
x10x/x10y,outillage de campagne,scripts/analyzers uniquement; pas de nouveau mode C++ distinct,réutilisent les flags x10o/CIC/Q2/u/v,selon runner,historique de qualification,x10x sweep C thermique; x10y analyse loi taille-température.,scripts/run_0493x10x_thermal_sigmas_sweep.sh; scripts/analyze_0493x10y_size_temperature_law.py
x11a,validation Young-Laplace,outillage de validation; pas de nouvelle physique C++,runners/analyzers x11a,chaîne capillaire existante,supplanté comme calibrateur scalaire par x12yl,"Mesures Young-Laplace historiques, dont paired sigma0.",scripts/run_0493x11a_young_laplace_validation.sh; scripts/analyze_0493x11a_young_laplace_paired.py
x11b,validation ondes capillaires,outillage de validation dynamique; pas de nouvelle physique C++,runner/analyzers x11b,chaîne capillaire existante,base méthodologique de x12cal,Mesure dispersion/fréquence des modes capillaires.,scripts/run_0493x11b_capillary_wave_validation.sh; scripts/analyze_0493x11b_capillary_wave_earlyfit.py
x11c,support diagnostic C++ + flag runner,"intégré, observation-only",MPCD_X11C_FORCE_X9E_SIGMA0 dans runner; relay vers x9e,staticDropDiagnosticsThisStep x9e,utilisé par x12yl sigma=0 apparié,Construit p3 pour diagnostic sigma0 sans appliquer de potentiel capillaire si sigma=0.,src/cuda_q6_resident_0400.cu:19752-19760; scripts/run_0493x9s_splash.sh:298-301
x12a,physique runtime: refroidissement thermique local,actif production x12,MPCD_X12A_LOCAL_THERMAL_COOLING + MPCD_X12A_LOCAL_THERMAL_RADIUS_CELLS,x10v + x10o + CIC + vrai Q2; exclusif x10w,ON splash/JFM/calibrateurs actuels,"fT=min(1,(Lloc/Rc)^2), champ float/cellule; réduit enveloppe interface et cible thermostat locale.","src/cuda_q6_resident_0400.cu:17883-17907,7033-7271,18184-18212,23097-23108"
x12b/x12c/x12d,runners benchmark splash/JFM,pas de nouvelle physique C++; composition/qualification de la chaîne existante,runners,chaîne x10o+CIC+Q2+x10u+x10v+x10p+x12a,x12d = cas JFM de mesure courant,"x12d verrouille minRadius=4, r=1, B=vacuum, contact angle 90, x10l=1.","scripts/run_0493x12b_obstacle_JFM_D320_Re649_We514.sh; scripts/run_0493x12c_obstacle_JFM_D320_Re649_We514_compactY.sh; scripts/run_0493x12d_jfm524_measurement_case.sh:59-64,179-199,327-333"
x12cal,calibrateur dynamique,outillage courant; pas de nouvelle physique C++,PROFILE/MODES/SIGMA_DECLARED + chaîne production,src-q6-g-f; chaîne x10o+CIC+Q2+u+v+x12a,mesure dispersion/propriété dynamique des ondes,Le script se décrit comme calibrateur sigma_eff dynamique via omega^2; minRadius par défaut 3.,"scripts/run_0493x12cal_capillary_calibrator.sh:5-18,82,329-348"
x12yl,calibrateur mécanique/statique,outillage courant; définition scalaire mécanique de sigma_eff,PROFILE/RADII/SIGMA_DECLARED + paires sigma/sigma0,chaîne production; baseline x11c/x9e sigma0,calibration Young-Laplace courante,dp_cap=p(sigma)-p(0)=sigma_eff*<kappa>_active; la courbure mesurée active est utilisée. Cette définition doit rester distincte de la dispersion x12cal.,"scripts/analyze_0493x12yl_young_laplace_calibrator.py:1-14; scripts/run_0493x12yl_young_laplace_calibrator.sh:10-20,60,94-115"
