cell,ix,iy,xc,yc,nFluid,mass
1,1,1,0.015625,0.015625,20,20
2,2,1,0.046875,0.015625,20,20
3,3,1,0.078125,0.015625,20,20
4,4,1,0.109375,0.015625,20,20
5,5,1,0.140625,0.015625,20,20
6,6,1,0.171875,0.015625,20,20
7,7,1,0.203125,0.015625,20,20
8,8,1,0.234375,0.015625,20,20
9,9,1,0.265625,0.015625,20,20
10,10,1,0.296875,0.015625,20,20
11,11,1,0.328125,0.015625,20,20
12,12,1,0.359375,0.015625,20,20
13,13,1,0.390625,0.015625,20,20
14,14,1,0.421875,0.015625,20,20
15,15,1,0.453125,0.015625,20,20
16,16,1,0.484375,0.015625,20,20
17,17,1,0.515625,0.015625,20,20
18,18,1,0.546875,0.015625,20,20
19,19,1,0.578125,0.015625,20,20
20,20,1,0.609375,0.015625,20,20
21,21,1,0.640625,0.015625,20,20
22,22,1,0.671875,0.015625,20,20
23,23,1,0.703125,0.015625,20,20
24,24,1,0.734375,0.015625,20,20
25,25,1,0.765625,0.015625,20,20
26,26,1,0.796875,0.015625,20,20
27,27,1,0.828125,0.015625,20,20
28,28,1,0.859375,0.015625,20,20
29,29,1,0.890625,0.015625,20,20
30,30,1,0.921875,0.015625,20,20
31,31,1,0.953125,0.015625,20,20
32,32,1,0.984375,0.015625,20,20
33,33,1,1.015625,0.015625,20,20
34,34,1,1.046875,0.015625,20,20
35,35,1,1.078125,0.015625,20,20
36,36,1,1.109375,0.015625,20,20
37,37,1,1.140625,0.015625,20,20
38,38,1,1.171875,0.015625,20,20
39,39,1,1.203125,0.015625,20,20
40,40,1,1.234375,0.015625,20,20
41,41,1,1.265625,0.015625,20,20
42,42,1,1.296875,0.015625,20,20
43,43,1,1.328125,0.015625,20,20
44,44,1,1.359375,0.015625,20,20
45,45,1,1.390625,0.015625,20,20
46,46,1,1.421875,0.015625,20,20
47,47,1,1.453125,0.015625,20,20
48,48,1,1.484375,0.015625,20,20
49,49,1,1.515625,0.015625,20,20
50,50,1,1.546875,0.015625,20,20
51,51,1,1.578125,0.015625,20,20
52,52,1,1.609375,0.015625,20,20
53,53,1,1.640625,0.015625,20,20
54,54,1,1.671875,0.015625,20,20
55,55,1,1.703125,0.015625,20,20
56,56,1,1.734375,0.015625,20,20
57,57,1,1.765625,0.015625,20,20
58,58,1,1.796875,0.015625,20,20
59,59,1,1.828125,0.015625,20,20
60,60,1,1.859375,0.015625,20,20
61,61,1,1.890625,0.015625,20,20
62,62,1,1.921875,0.015625,20,20
63,63,1,1.953125,0.015625,20,20
64,64,1,1.984375,0.015625,20,20
65,1,2,0.015625,0.046875,20,20
66,2,2,0.046875,0.046875,20,20
67,3,2,0.078125,0.046875,20,20
68,4,2,0.109375,0.046875,20,20
69,5,2,0.140625,0.046875,20,20
70,6,2,0.171875,0.046875,20,20
71,7,2,0.203125,0.046875,20,20
72,8,2,0.234375,0.046875,20,20
73,9,2,0.265625,0.046875,20,20
74,10,2,0.296875,0.046875,20,20
75,11,2,0.328125,0.046875,20,20
76,12,2,0.359375,0.046875,20,20
77,13,2,0.390625,0.046875,20,20
78,14,2,0.421875,0.046875,20,20
79,15,2,0.453125,0.046875,20,20
80,16,2,0.484375,0.046875,20,20
81,17,2,0.515625,0.046875,20,20
82,18,2,0.546875,0.046875,20,20
83,19,2,0.578125,0.046875,20,20
84,20,2,0.609375,0.046875,20,20
85,21,2,0.640625,0.046875,20,20
86,22,2,0.671875,0.046875,20,20
87,23,2,0.703125,0.046875,20,20
88,24,2,0.734375,0.046875,20,20
89,25,2,0.765625,0.046875,20,20
90,26,2,0.796875,0.046875,20,20
91,27,2,0.828125,0.046875,20,20
92,28,2,0.859375,0.046875,20,20
93,29,2,0.890625,0.046875,20,20
94,30,2,0.921875,0.046875,20,20
95,31,2,0.953125,0.046875,20,20
96,32,2,0.984375,0.046875,20,20
97,33,2,1.015625,0.046875,20,20
98,34,2,1.046875,0.046875,20,20
99,35,2,1.078125,0.046875,20,20
100,36,2,1.109375,0.046875,20,20
101,37,2,1.140625,0.046875,20,20
102,38,2,1.171875,0.046875,20,20
103,39,2,1.203125,0.046875,20,20
104,40,2,1.234375,0.046875,20,20
105,41,2,1.265625,0.046875,20,20
106,42,2,1.296875,0.046875,20,20
107,43,2,1.328125,0.046875,20,20
108,44,2,1.359375,0.046875,20,20
109,45,2,1.390625,0.046875,20,20
110,46,2,1.421875,0.046875,20,20
111,47,2,1.453125,0.046875,20,20
112,48,2,1.484375,0.046875,20,20
113,49,2,1.515625,0.046875,20,20
114,50,2,1.546875,0.046875,20,20
115,51,2,1.578125,0.046875,20,20
116,52,2,1.609375,0.046875,20,20
117,53,2,1.640625,0.046875,20,20
118,54,2,1.671875,0.046875,20,20
119,55,2,1.703125,0.046875,20,20
120,56,2,1.734375,0.046875,20,20
121,57,2,1.765625,0.046875,20,20
122,58,2,1.796875,0.046875,20,20
123,59,2,1.828125,0.046875,20,20
124,60,2,1.859375,0.046875,20,20
125,61,2,1.890625,0.046875,20,20
126,62,2,1.921875,0.046875,20,20
127,63,2,1.953125,0.046875,20,20
128,64,2,1.984375,0.046875,20,20
129,1,3,0.015625,0.078125,20,20
130,2,3,0.046875,0.078125,20,20
131,3,3,0.078125,0.078125,20,20
132,4,3,0.109375,0.078125,20,20
133,5,3,0.140625,0.078125,20,20
134,6,3,0.171875,0.078125,20,20
135,7,3,0.203125,0.078125,20,20
136,8,3,0.234375,0.078125,20,20
137,9,3,0.265625,0.078125,20,20
138,10,3,0.296875,0.078125,20,20
139,11,3,0.328125,0.078125,20,20
140,12,3,0.359375,0.078125,20,20
141,13,3,0.390625,0.078125,20,20
142,14,3,0.421875,0.078125,20,20
143,15,3,0.453125,0.078125,20,20
144,16,3,0.484375,0.078125,20,20
145,17,3,0.515625,0.078125,20,20
146,18,3,0.546875,0.078125,20,20
147,19,3,0.578125,0.078125,20,20
148,20,3,0.609375,0.078125,20,20
149,21,3,0.640625,0.078125,20,20
150,22,3,0.671875,0.078125,20,20
151,23,3,0.703125,0.078125,20,20
152,24,3,0.734375,0.078125,20,20
153,25,3,0.765625,0.078125,20,20
154,26,3,0.796875,0.078125,20,20
155,27,3,0.828125,0.078125,20,20
156,28,3,0.859375,0.078125,20,20
157,29,3,0.890625,0.078125,20,20
158,30,3,0.921875,0.078125,20,20
159,31,3,0.953125,0.078125,20,20
160,32,3,0.984375,0.078125,20,20
161,33,3,1.015625,0.078125,20,20
162,34,3,1.046875,0.078125,20,20
163,35,3,1.078125,0.078125,20,20
164,36,3,1.109375,0.078125,20,20
165,37,3,1.140625,0.078125,20,20
166,38,3,1.171875,0.078125,20,20
167,39,3,1.203125,0.078125,20,20
168,40,3,1.234375,0.078125,20,20
169,41,3,1.265625,0.078125,20,20
170,42,3,1.296875,0.078125,20,20
171,43,3,1.328125,0.078125,20,20
172,44,3,1.359375,0.078125,20,20
173,45,3,1.390625,0.078125,20,20
174,46,3,1.421875,0.078125,20,20
175,47,3,1.453125,0.078125,20,20
176,48,3,1.484375,0.078125,20,20
177,49,3,1.515625,0.078125,20,20
178,50,3,1.546875,0.078125,20,20
179,51,3,1.578125,0.078125,20,20
180,52,3,1.609375,0.078125,20,20
181,53,3,1.640625,0.078125,20,20
182,54,3,1.671875,0.078125,20,20
183,55,3,1.703125,0.078125,20,20
184,56,3,1.734375,0.078125,20,20
185,57,3,1.765625,0.078125,20,20
186,58,3,1.796875,0.078125,20,20
187,59,3,1.828125,0.078125,20,20
188,60,3,1.859375,0.078125,20,20
189,61,3,1.890625,0.078125,20,20
190,62,3,1.921875,0.078125,20,20
191,63,3,1.953125,0.078125,20,20
192,64,3,1.984375,0.078125,20,20
193,1,4,0.015625,0.109375,20,20
194,2,4,0.046875,0.109375,20,20
195,3,4,0.078125,0.109375,20,20
196,4,4,0.109375,0.109375,20,20
197,5,4,0.140625,0.109375,20,20
198,6,4,0.171875,0.109375,20,20
199,7,4,0.203125,0.109375,20,20
200,8,4,0.234375,0.109375,20,20
201,9,4,0.265625,0.109375,20,20
202,10,4,0.296875,0.109375,20,20
203,11,4,0.328125,0.109375,20,20
204,12,4,0.359375,0.109375,20,20
205,13,4,0.390625,0.109375,20,20
206,14,4,0.421875,0.109375,20,20
207,15,4,0.453125,0.109375,20,20
208,16,4,0.484375,0.109375,20,20
209,17,4,0.515625,0.109375,20,20
210,18,4,0.546875,0.109375,20,20
211,19,4,0.578125,0.109375,20,20
212,20,4,0.609375,0.109375,20,20
213,21,4,0.640625,0.109375,20,20
214,22,4,0.671875,0.109375,20,20
215,23,4,0.703125,0.109375,20,20
216,24,4,0.734375,0.109375,20,20
217,25,4,0.765625,0.109375,20,20
218,26,4,0.796875,0.109375,20,20
219,27,4,0.828125,0.109375,20,20
220,28,4,0.859375,0.109375,20,20
221,29,4,0.890625,0.109375,20,20
222,30,4,0.921875,0.109375,20,20
223,31,4,0.953125,0.109375,20,20
224,32,4,0.984375,0.109375,20,20
225,33,4,1.015625,0.109375,20,20
226,34,4,1.046875,0.109375,20,20
227,35,4,1.078125,0.109375,20,20
228,36,4,1.109375,0.109375,20,20
229,37,4,1.140625,0.109375,20,20
230,38,4,1.171875,0.109375,20,20
231,39,4,1.203125,0.109375,20,20
232,40,4,1.234375,0.109375,20,20
233,41,4,1.265625,0.109375,20,20
234,42,4,1.296875,0.109375,20,20
235,43,4,1.328125,0.109375,20,20
236,44,4,1.359375,0.109375,20,20
237,45,4,1.390625,0.109375,20,20
238,46,4,1.421875,0.109375,20,20
239,47,4,1.453125,0.109375,20,20
240,48,4,1.484375,0.109375,20,20
241,49,4,1.515625,0.109375,20,20
242,50,4,1.546875,0.109375,20,20
243,51,4,1.578125,0.109375,20,20
244,52,4,1.609375,0.109375,20,20
245,53,4,1.640625,0.109375,20,20
246,54,4,1.671875,0.109375,20,20
247,55,4,1.703125,0.109375,20,20
248,56,4,1.734375,0.109375,20,20
249,57,4,1.765625,0.109375,20,20
250,58,4,1.796875,0.109375,20,20
251,59,4,1.828125,0.109375,20,20
252,60,4,1.859375,0.109375,20,20
253,61,4,1.890625,0.109375,20,20
254,62,4,1.921875,0.109375,20,20
255,63,4,1.953125,0.109375,20,20
256,64,4,1.984375,0.109375,20,20
257,1,5,0.015625,0.140625,20,20
258,2,5,0.046875,0.140625,20,20
259,3,5,0.078125,0.140625,20,20
260,4,5,0.109375,0.140625,20,20
261,5,5,0.140625,0.140625,20,20
262,6,5,0.171875,0.140625,20,20
263,7,5,0.203125,0.140625,20,20
264,8,5,0.234375,0.140625,20,20
265,9,5,0.265625,0.140625,20,20
266,10,5,0.296875,0.140625,20,20
267,11,5,0.328125,0.140625,20,20
268,12,5,0.359375,0.140625,20,20
269,13,5,0.390625,0.140625,20,20
270,14,5,0.421875,0.140625,20,20
271,15,5,0.453125,0.140625,20,20
272,16,5,0.484375,0.140625,20,20
273,17,5,0.515625,0.140625,20,20
274,18,5,0.546875,0.140625,20,20
275,19,5,0.578125,0.140625,20,20
276,20,5,0.609375,0.140625,20,20
277,21,5,0.640625,0.140625,20,20
278,22,5,0.671875,0.140625,20,20
279,23,5,0.703125,0.140625,20,20
280,24,5,0.734375,0.140625,20,20
281,25,5,0.765625,0.140625,20,20
282,26,5,0.796875,0.140625,20,20
283,27,5,0.828125,0.140625,20,20
284,28,5,0.859375,0.140625,20,20
285,29,5,0.890625,0.140625,20,20
286,30,5,0.921875,0.140625,20,20
287,31,5,0.953125,0.140625,20,20
288,32,5,0.984375,0.140625,20,20
289,33,5,1.015625,0.140625,20,20
290,34,5,1.046875,0.140625,20,20
291,35,5,1.078125,0.140625,20,20
292,36,5,1.109375,0.140625,20,20
293,37,5,1.140625,0.140625,20,20
294,38,5,1.171875,0.140625,20,20
295,39,5,1.203125,0.140625,20,20
296,40,5,1.234375,0.140625,20,20
297,41,5,1.265625,0.140625,20,20
298,42,5,1.296875,0.140625,20,20
299,43,5,1.328125,0.140625,20,20
300,44,5,1.359375,0.140625,20,20
301,45,5,1.390625,0.140625,20,20
302,46,5,1.421875,0.140625,20,20
303,47,5,1.453125,0.140625,20,20
304,48,5,1.484375,0.140625,20,20
305,49,5,1.515625,0.140625,20,20
306,50,5,1.546875,0.140625,20,20
307,51,5,1.578125,0.140625,20,20
308,52,5,1.609375,0.140625,20,20
309,53,5,1.640625,0.140625,20,20
310,54,5,1.671875,0.140625,20,20
311,55,5,1.703125,0.140625,20,20
312,56,5,1.734375,0.140625,20,20
313,57,5,1.765625,0.140625,20,20
314,58,5,1.796875,0.140625,20,20
315,59,5,1.828125,0.140625,20,20
316,60,5,1.859375,0.140625,20,20
317,61,5,1.890625,0.140625,20,20
318,62,5,1.921875,0.140625,20,20
319,63,5,1.953125,0.140625,20,20
320,64,5,1.984375,0.140625,20,20
321,1,6,0.015625,0.171875,20,20
322,2,6,0.046875,0.171875,20,20
323,3,6,0.078125,0.171875,20,20
324,4,6,0.109375,0.171875,20,20
325,5,6,0.140625,0.171875,20,20
326,6,6,0.171875,0.171875,20,20
327,7,6,0.203125,0.171875,20,20
328,8,6,0.234375,0.171875,20,20
329,9,6,0.265625,0.171875,20,20
330,10,6,0.296875,0.171875,20,20
331,11,6,0.328125,0.171875,20,20
332,12,6,0.359375,0.171875,20,20
333,13,6,0.390625,0.171875,20,20
334,14,6,0.421875,0.171875,20,20
335,15,6,0.453125,0.171875,20,20
336,16,6,0.484375,0.171875,20,20
337,17,6,0.515625,0.171875,20,20
338,18,6,0.546875,0.171875,20,20
339,19,6,0.578125,0.171875,20,20
340,20,6,0.609375,0.171875,20,20
341,21,6,0.640625,0.171875,20,20
342,22,6,0.671875,0.171875,20,20
343,23,6,0.703125,0.171875,20,20
344,24,6,0.734375,0.171875,20,20
345,25,6,0.765625,0.171875,20,20
346,26,6,0.796875,0.171875,20,20
347,27,6,0.828125,0.171875,20,20
348,28,6,0.859375,0.171875,20,20
349,29,6,0.890625,0.171875,20,20
350,30,6,0.921875,0.171875,20,20
351,31,6,0.953125,0.171875,20,20
352,32,6,0.984375,0.171875,20,20
353,33,6,1.015625,0.171875,20,20
354,34,6,1.046875,0.171875,20,20
355,35,6,1.078125,0.171875,20,20
356,36,6,1.109375,0.171875,20,20
357,37,6,1.140625,0.171875,20,20
358,38,6,1.171875,0.171875,20,20
359,39,6,1.203125,0.171875,20,20
360,40,6,1.234375,0.171875,20,20
361,41,6,1.265625,0.171875,20,20
362,42,6,1.296875,0.171875,20,20
363,43,6,1.328125,0.171875,20,20
364,44,6,1.359375,0.171875,20,20
365,45,6,1.390625,0.171875,20,20
366,46,6,1.421875,0.171875,20,20
367,47,6,1.453125,0.171875,20,20
368,48,6,1.484375,0.171875,20,20
369,49,6,1.515625,0.171875,20,20
370,50,6,1.546875,0.171875,20,20
371,51,6,1.578125,0.171875,20,20
372,52,6,1.609375,0.171875,20,20
373,53,6,1.640625,0.171875,20,20
374,54,6,1.671875,0.171875,20,20
375,55,6,1.703125,0.171875,20,20
376,56,6,1.734375,0.171875,20,20
377,57,6,1.765625,0.171875,20,20
378,58,6,1.796875,0.171875,20,20
379,59,6,1.828125,0.171875,20,20
380,60,6,1.859375,0.171875,20,20
381,61,6,1.890625,0.171875,20,20
382,62,6,1.921875,0.171875,20,20
383,63,6,1.953125,0.171875,20,20
384,64,6,1.984375,0.171875,20,20
385,1,7,0.015625,0.203125,20,20
386,2,7,0.046875,0.203125,20,20
387,3,7,0.078125,0.203125,20,20
388,4,7,0.109375,0.203125,20,20
389,5,7,0.140625,0.203125,20,20
390,6,7,0.171875,0.203125,20,20
391,7,7,0.203125,0.203125,20,20
392,8,7,0.234375,0.203125,20,20
393,9,7,0.265625,0.203125,20,20
394,10,7,0.296875,0.203125,20,20
395,11,7,0.328125,0.203125,20,20
396,12,7,0.359375,0.203125,20,20
397,13,7,0.390625,0.203125,20,20
398,14,7,0.421875,0.203125,20,20
399,15,7,0.453125,0.203125,20,20
400,16,7,0.484375,0.203125,20,20
401,17,7,0.515625,0.203125,20,20
402,18,7,0.546875,0.203125,20,20
403,19,7,0.578125,0.203125,20,20
404,20,7,0.609375,0.203125,20,20
405,21,7,0.640625,0.203125,20,20
406,22,7,0.671875,0.203125,20,20
407,23,7,0.703125,0.203125,20,20
408,24,7,0.734375,0.203125,20,20
409,25,7,0.765625,0.203125,20,20
410,26,7,0.796875,0.203125,20,20
411,27,7,0.828125,0.203125,20,20
412,28,7,0.859375,0.203125,20,20
413,29,7,0.890625,0.203125,20,20
414,30,7,0.921875,0.203125,20,20
415,31,7,0.953125,0.203125,20,20
416,32,7,0.984375,0.203125,20,20
417,33,7,1.015625,0.203125,20,20
418,34,7,1.046875,0.203125,20,20
419,35,7,1.078125,0.203125,20,20
420,36,7,1.109375,0.203125,20,20
421,37,7,1.140625,0.203125,20,20
422,38,7,1.171875,0.203125,20,20
423,39,7,1.203125,0.203125,20,20
424,40,7,1.234375,0.203125,20,20
425,41,7,1.265625,0.203125,20,20
426,42,7,1.296875,0.203125,20,20
427,43,7,1.328125,0.203125,20,20
428,44,7,1.359375,0.203125,20,20
429,45,7,1.390625,0.203125,20,20
430,46,7,1.421875,0.203125,20,20
431,47,7,1.453125,0.203125,20,20
432,48,7,1.484375,0.203125,20,20
433,49,7,1.515625,0.203125,20,20
434,50,7,1.546875,0.203125,20,20
435,51,7,1.578125,0.203125,20,20
436,52,7,1.609375,0.203125,20,20
437,53,7,1.640625,0.203125,20,20
438,54,7,1.671875,0.203125,20,20
439,55,7,1.703125,0.203125,20,20
440,56,7,1.734375,0.203125,20,20
441,57,7,1.765625,0.203125,20,20
442,58,7,1.796875,0.203125,20,20
443,59,7,1.828125,0.203125,20,20
444,60,7,1.859375,0.203125,20,20
445,61,7,1.890625,0.203125,20,20
446,62,7,1.921875,0.203125,20,20
447,63,7,1.953125,0.203125,20,20
448,64,7,1.984375,0.203125,20,20
449,1,8,0.015625,0.234375,20,20
450,2,8,0.046875,0.234375,20,20
451,3,8,0.078125,0.234375,20,20
452,4,8,0.109375,0.234375,20,20
453,5,8,0.140625,0.234375,20,20
454,6,8,0.171875,0.234375,20,20
455,7,8,0.203125,0.234375,20,20
456,8,8,0.234375,0.234375,20,20
457,9,8,0.265625,0.234375,20,20
458,10,8,0.296875,0.234375,20,20
459,11,8,0.328125,0.234375,20,20
460,12,8,0.359375,0.234375,20,20
461,13,8,0.390625,0.234375,20,20
462,14,8,0.421875,0.234375,20,20
463,15,8,0.453125,0.234375,20,20
464,16,8,0.484375,0.234375,20,20
465,17,8,0.515625,0.234375,20,20
466,18,8,0.546875,0.234375,20,20
467,19,8,0.578125,0.234375,20,20
468,20,8,0.609375,0.234375,20,20
469,21,8,0.640625,0.234375,20,20
470,22,8,0.671875,0.234375,20,20
471,23,8,0.703125,0.234375,20,20
472,24,8,0.734375,0.234375,20,20
473,25,8,0.765625,0.234375,20,20
474,26,8,0.796875,0.234375,20,20
475,27,8,0.828125,0.234375,20,20
476,28,8,0.859375,0.234375,20,20
477,29,8,0.890625,0.234375,20,20
478,30,8,0.921875,0.234375,20,20
479,31,8,0.953125,0.234375,20,20
480,32,8,0.984375,0.234375,20,20
481,33,8,1.015625,0.234375,20,20
482,34,8,1.046875,0.234375,20,20
483,35,8,1.078125,0.234375,20,20
484,36,8,1.109375,0.234375,20,20
485,37,8,1.140625,0.234375,20,20
486,38,8,1.171875,0.234375,20,20
487,39,8,1.203125,0.234375,20,20
488,40,8,1.234375,0.234375,20,20
489,41,8,1.265625,0.234375,20,20
490,42,8,1.296875,0.234375,20,20
491,43,8,1.328125,0.234375,20,20
492,44,8,1.359375,0.234375,20,20
493,45,8,1.390625,0.234375,20,20
494,46,8,1.421875,0.234375,20,20
495,47,8,1.453125,0.234375,20,20
496,48,8,1.484375,0.234375,20,20
497,49,8,1.515625,0.234375,20,20
498,50,8,1.546875,0.234375,20,20
499,51,8,1.578125,0.234375,20,20
500,52,8,1.609375,0.234375,20,20
501,53,8,1.640625,0.234375,20,20
502,54,8,1.671875,0.234375,20,20
503,55,8,1.703125,0.234375,20,20
504,56,8,1.734375,0.234375,20,20
505,57,8,1.765625,0.234375,20,20
506,58,8,1.796875,0.234375,20,20
507,59,8,1.828125,0.234375,20,20
508,60,8,1.859375,0.234375,20,20
509,61,8,1.890625,0.234375,20,20
510,62,8,1.921875,0.234375,20,20
511,63,8,1.953125,0.234375,20,20
512,64,8,1.984375,0.234375,20,20
513,1,9,0.015625,0.265625,20,20
514,2,9,0.046875,0.265625,20,20
515,3,9,0.078125,0.265625,20,20
516,4,9,0.109375,0.265625,20,20
517,5,9,0.140625,0.265625,20,20
518,6,9,0.171875,0.265625,20,20
519,7,9,0.203125,0.265625,20,20
520,8,9,0.234375,0.265625,20,20
521,9,9,0.265625,0.265625,20,20
522,10,9,0.296875,0.265625,20,20
523,11,9,0.328125,0.265625,20,20
524,12,9,0.359375,0.265625,20,20
525,13,9,0.390625,0.265625,20,20
526,14,9,0.421875,0.265625,20,20
527,15,9,0.453125,0.265625,20,20
528,16,9,0.484375,0.265625,20,20
529,17,9,0.515625,0.265625,20,20
530,18,9,0.546875,0.265625,20,20
531,19,9,0.578125,0.265625,20,20
532,20,9,0.609375,0.265625,20,20
533,21,9,0.640625,0.265625,20,20
534,22,9,0.671875,0.265625,20,20
535,23,9,0.703125,0.265625,20,20
536,24,9,0.734375,0.265625,20,20
537,25,9,0.765625,0.265625,20,20
538,26,9,0.796875,0.265625,20,20
539,27,9,0.828125,0.265625,20,20
540,28,9,0.859375,0.265625,20,20
541,29,9,0.890625,0.265625,20,20
542,30,9,0.921875,0.265625,20,20
543,31,9,0.953125,0.265625,20,20
544,32,9,0.984375,0.265625,20,20
545,33,9,1.015625,0.265625,20,20
546,34,9,1.046875,0.265625,20,20
547,35,9,1.078125,0.265625,20,20
548,36,9,1.109375,0.265625,20,20
549,37,9,1.140625,0.265625,20,20
550,38,9,1.171875,0.265625,20,20
551,39,9,1.203125,0.265625,20,20
552,40,9,1.234375,0.265625,20,20
553,41,9,1.265625,0.265625,20,20
554,42,9,1.296875,0.265625,20,20
555,43,9,1.328125,0.265625,20,20
556,44,9,1.359375,0.265625,20,20
557,45,9,1.390625,0.265625,20,20
558,46,9,1.421875,0.265625,20,20
559,47,9,1.453125,0.265625,20,20
560,48,9,1.484375,0.265625,20,20
561,49,9,1.515625,0.265625,20,20
562,50,9,1.546875,0.265625,20,20
563,51,9,1.578125,0.265625,20,20
564,52,9,1.609375,0.265625,20,20
565,53,9,1.640625,0.265625,20,20
566,54,9,1.671875,0.265625,20,20
567,55,9,1.703125,0.265625,20,20
568,56,9,1.734375,0.265625,20,20
569,57,9,1.765625,0.265625,20,20
570,58,9,1.796875,0.265625,20,20
571,59,9,1.828125,0.265625,20,20
572,60,9,1.859375,0.265625,20,20
573,61,9,1.890625,0.265625,20,20
574,62,9,1.921875,0.265625,20,20
575,63,9,1.953125,0.265625,20,20
576,64,9,1.984375,0.265625,20,20
577,1,10,0.015625,0.296875,20,20
578,2,10,0.046875,0.296875,20,20
579,3,10,0.078125,0.296875,20,20
580,4,10,0.109375,0.296875,20,20
581,5,10,0.140625,0.296875,20,20
582,6,10,0.171875,0.296875,20,20
583,7,10,0.203125,0.296875,20,20
584,8,10,0.234375,0.296875,20,20
585,9,10,0.265625,0.296875,20,20
586,10,10,0.296875,0.296875,20,20
587,11,10,0.328125,0.296875,20,20
588,12,10,0.359375,0.296875,20,20
589,13,10,0.390625,0.296875,20,20
590,14,10,0.421875,0.296875,20,20
591,15,10,0.453125,0.296875,20,20
592,16,10,0.484375,0.296875,20,20
593,17,10,0.515625,0.296875,20,20
594,18,10,0.546875,0.296875,20,20
595,19,10,0.578125,0.296875,20,20
596,20,10,0.609375,0.296875,20,20
597,21,10,0.640625,0.296875,20,20
598,22,10,0.671875,0.296875,20,20
599,23,10,0.703125,0.296875,20,20
600,24,10,0.734375,0.296875,20,20
601,25,10,0.765625,0.296875,20,20
602,26,10,0.796875,0.296875,20,20
603,27,10,0.828125,0.296875,20,20
604,28,10,0.859375,0.296875,20,20
605,29,10,0.890625,0.296875,20,20
606,30,10,0.921875,0.296875,20,20
607,31,10,0.953125,0.296875,20,20
608,32,10,0.984375,0.296875,20,20
609,33,10,1.015625,0.296875,20,20
610,34,10,1.046875,0.296875,20,20
611,35,10,1.078125,0.296875,20,20
612,36,10,1.109375,0.296875,20,20
613,37,10,1.140625,0.296875,20,20
614,38,10,1.171875,0.296875,20,20
615,39,10,1.203125,0.296875,20,20
616,40,10,1.234375,0.296875,20,20
617,41,10,1.265625,0.296875,20,20
618,42,10,1.296875,0.296875,20,20
619,43,10,1.328125,0.296875,20,20
620,44,10,1.359375,0.296875,20,20
621,45,10,1.390625,0.296875,20,20
622,46,10,1.421875,0.296875,20,20
623,47,10,1.453125,0.296875,20,20
624,48,10,1.484375,0.296875,20,20
625,49,10,1.515625,0.296875,20,20
626,50,10,1.546875,0.296875,20,20
627,51,10,1.578125,0.296875,20,20
628,52,10,1.609375,0.296875,20,20
629,53,10,1.640625,0.296875,20,20
630,54,10,1.671875,0.296875,20,20
631,55,10,1.703125,0.296875,20,20
632,56,10,1.734375,0.296875,20,20
633,57,10,1.765625,0.296875,20,20
634,58,10,1.796875,0.296875,20,20
635,59,10,1.828125,0.296875,20,20
636,60,10,1.859375,0.296875,20,20
637,61,10,1.890625,0.296875,20,20
638,62,10,1.921875,0.296875,20,20
639,63,10,1.953125,0.296875,20,20
640,64,10,1.984375,0.296875,20,20
641,1,11,0.015625,0.328125,20,20
642,2,11,0.046875,0.328125,20,20
643,3,11,0.078125,0.328125,20,20
644,4,11,0.109375,0.328125,20,20
645,5,11,0.140625,0.328125,20,20
646,6,11,0.171875,0.328125,20,20
647,7,11,0.203125,0.328125,20,20
648,8,11,0.234375,0.328125,20,20
649,9,11,0.265625,0.328125,20,20
650,10,11,0.296875,0.328125,20,20
651,11,11,0.328125,0.328125,20,20
652,12,11,0.359375,0.328125,20,20
653,13,11,0.390625,0.328125,20,20
654,14,11,0.421875,0.328125,20,20
655,15,11,0.453125,0.328125,20,20
656,16,11,0.484375,0.328125,20,20
657,17,11,0.515625,0.328125,20,20
658,18,11,0.546875,0.328125,20,20
659,19,11,0.578125,0.328125,20,20
660,20,11,0.609375,0.328125,20,20
661,21,11,0.640625,0.328125,20,20
662,22,11,0.671875,0.328125,20,20
663,23,11,0.703125,0.328125,20,20
664,24,11,0.734375,0.328125,20,20
665,25,11,0.765625,0.328125,20,20
666,26,11,0.796875,0.328125,20,20
667,27,11,0.828125,0.328125,20,20
668,28,11,0.859375,0.328125,20,20
669,29,11,0.890625,0.328125,20,20
670,30,11,0.921875,0.328125,20,20
671,31,11,0.953125,0.328125,20,20
672,32,11,0.984375,0.328125,20,20
673,33,11,1.015625,0.328125,20,20
674,34,11,1.046875,0.328125,20,20
675,35,11,1.078125,0.328125,20,20
676,36,11,1.109375,0.328125,20,20
677,37,11,1.140625,0.328125,20,20
678,38,11,1.171875,0.328125,20,20
679,39,11,1.203125,0.328125,20,20
680,40,11,1.234375,0.328125,20,20
681,41,11,1.265625,0.328125,20,20
682,42,11,1.296875,0.328125,20,20
683,43,11,1.328125,0.328125,20,20
684,44,11,1.359375,0.328125,20,20
685,45,11,1.390625,0.328125,20,20
686,46,11,1.421875,0.328125,20,20
687,47,11,1.453125,0.328125,20,20
688,48,11,1.484375,0.328125,20,20
689,49,11,1.515625,0.328125,20,20
690,50,11,1.546875,0.328125,20,20
691,51,11,1.578125,0.328125,20,20
692,52,11,1.609375,0.328125,20,20
693,53,11,1.640625,0.328125,20,20
694,54,11,1.671875,0.328125,20,20
695,55,11,1.703125,0.328125,20,20
696,56,11,1.734375,0.328125,20,20
697,57,11,1.765625,0.328125,20,20
698,58,11,1.796875,0.328125,20,20
699,59,11,1.828125,0.328125,20,20
700,60,11,1.859375,0.328125,20,20
701,61,11,1.890625,0.328125,20,20
702,62,11,1.921875,0.328125,20,20
703,63,11,1.953125,0.328125,20,20
704,64,11,1.984375,0.328125,20,20
705,1,12,0.015625,0.359375,20,20
706,2,12,0.046875,0.359375,20,20
707,3,12,0.078125,0.359375,20,20
708,4,12,0.109375,0.359375,20,20
709,5,12,0.140625,0.359375,20,20
710,6,12,0.171875,0.359375,20,20
711,7,12,0.203125,0.359375,20,20
712,8,12,0.234375,0.359375,20,20
713,9,12,0.265625,0.359375,20,20
714,10,12,0.296875,0.359375,20,20
715,11,12,0.328125,0.359375,20,20
716,12,12,0.359375,0.359375,20,20
717,13,12,0.390625,0.359375,20,20
718,14,12,0.421875,0.359375,20,20
719,15,12,0.453125,0.359375,20,20
720,16,12,0.484375,0.359375,20,20
721,17,12,0.515625,0.359375,20,20
722,18,12,0.546875,0.359375,20,20
723,19,12,0.578125,0.359375,20,20
724,20,12,0.609375,0.359375,20,20
725,21,12,0.640625,0.359375,20,20
726,22,12,0.671875,0.359375,20,20
727,23,12,0.703125,0.359375,20,20
728,24,12,0.734375,0.359375,20,20
729,25,12,0.765625,0.359375,20,20
730,26,12,0.796875,0.359375,20,20
731,27,12,0.828125,0.359375,20,20
732,28,12,0.859375,0.359375,20,20
733,29,12,0.890625,0.359375,20,20
734,30,12,0.921875,0.359375,20,20
735,31,12,0.953125,0.359375,20,20
736,32,12,0.984375,0.359375,20,20
737,33,12,1.015625,0.359375,20,20
738,34,12,1.046875,0.359375,20,20
739,35,12,1.078125,0.359375,20,20
740,36,12,1.109375,0.359375,20,20
741,37,12,1.140625,0.359375,20,20
742,38,12,1.171875,0.359375,20,20
743,39,12,1.203125,0.359375,20,20
744,40,12,1.234375,0.359375,20,20
745,41,12,1.265625,0.359375,20,20
746,42,12,1.296875,0.359375,20,20
747,43,12,1.328125,0.359375,20,20
748,44,12,1.359375,0.359375,20,20
749,45,12,1.390625,0.359375,20,20
750,46,12,1.421875,0.359375,20,20
751,47,12,1.453125,0.359375,20,20
752,48,12,1.484375,0.359375,20,20
753,49,12,1.515625,0.359375,20,20
754,50,12,1.546875,0.359375,20,20
755,51,12,1.578125,0.359375,20,20
756,52,12,1.609375,0.359375,20,20
757,53,12,1.640625,0.359375,20,20
758,54,12,1.671875,0.359375,20,20
759,55,12,1.703125,0.359375,20,20
760,56,12,1.734375,0.359375,20,20
761,57,12,1.765625,0.359375,20,20
762,58,12,1.796875,0.359375,20,20
763,59,12,1.828125,0.359375,20,20
764,60,12,1.859375,0.359375,20,20
765,61,12,1.890625,0.359375,20,20
766,62,12,1.921875,0.359375,20,20
767,63,12,1.953125,0.359375,20,20
768,64,12,1.984375,0.359375,20,20
769,1,13,0.015625,0.390625,20,20
770,2,13,0.046875,0.390625,20,20
771,3,13,0.078125,0.390625,20,20
772,4,13,0.109375,0.390625,20,20
773,5,13,0.140625,0.390625,20,20
774,6,13,0.171875,0.390625,20,20
775,7,13,0.203125,0.390625,20,20
776,8,13,0.234375,0.390625,20,20
777,9,13,0.265625,0.390625,20,20
778,10,13,0.296875,0.390625,20,20
779,11,13,0.328125,0.390625,20,20
780,12,13,0.359375,0.390625,20,20
781,13,13,0.390625,0.390625,20,20
782,14,13,0.421875,0.390625,20,20
783,15,13,0.453125,0.390625,20,20
784,16,13,0.484375,0.390625,20,20
785,17,13,0.515625,0.390625,20,20
786,18,13,0.546875,0.390625,20,20
787,19,13,0.578125,0.390625,20,20
788,20,13,0.609375,0.390625,20,20
789,21,13,0.640625,0.390625,20,20
790,22,13,0.671875,0.390625,20,20
791,23,13,0.703125,0.390625,20,20
792,24,13,0.734375,0.390625,20,20
793,25,13,0.765625,0.390625,20,20
794,26,13,0.796875,0.390625,20,20
795,27,13,0.828125,0.390625,20,20
796,28,13,0.859375,0.390625,20,20
797,29,13,0.890625,0.390625,20,20
798,30,13,0.921875,0.390625,20,20
799,31,13,0.953125,0.390625,20,20
800,32,13,0.984375,0.390625,20,20
801,33,13,1.015625,0.390625,20,20
802,34,13,1.046875,0.390625,20,20
803,35,13,1.078125,0.390625,20,20
804,36,13,1.109375,0.390625,20,20
805,37,13,1.140625,0.390625,20,20
806,38,13,1.171875,0.390625,20,20
807,39,13,1.203125,0.390625,20,20
808,40,13,1.234375,0.390625,20,20
809,41,13,1.265625,0.390625,20,20
810,42,13,1.296875,0.390625,20,20
811,43,13,1.328125,0.390625,20,20
812,44,13,1.359375,0.390625,20,20
813,45,13,1.390625,0.390625,20,20
814,46,13,1.421875,0.390625,20,20
815,47,13,1.453125,0.390625,20,20
816,48,13,1.484375,0.390625,20,20
817,49,13,1.515625,0.390625,20,20
818,50,13,1.546875,0.390625,20,20
819,51,13,1.578125,0.390625,20,20
820,52,13,1.609375,0.390625,20,20
821,53,13,1.640625,0.390625,20,20
822,54,13,1.671875,0.390625,20,20
823,55,13,1.703125,0.390625,20,20
824,56,13,1.734375,0.390625,20,20
825,57,13,1.765625,0.390625,20,20
826,58,13,1.796875,0.390625,20,20
827,59,13,1.828125,0.390625,20,20
828,60,13,1.859375,0.390625,20,20
829,61,13,1.890625,0.390625,20,20
830,62,13,1.921875,0.390625,20,20
831,63,13,1.953125,0.390625,20,20
832,64,13,1.984375,0.390625,20,20
833,1,14,0.015625,0.421875,20,20
834,2,14,0.046875,0.421875,20,20
835,3,14,0.078125,0.421875,20,20
836,4,14,0.109375,0.421875,20,20
837,5,14,0.140625,0.421875,20,20
838,6,14,0.171875,0.421875,20,20
839,7,14,0.203125,0.421875,20,20
840,8,14,0.234375,0.421875,20,20
841,9,14,0.265625,0.421875,20,20
842,10,14,0.296875,0.421875,20,20
843,11,14,0.328125,0.421875,20,20
844,12,14,0.359375,0.421875,20,20
845,13,14,0.390625,0.421875,20,20
846,14,14,0.421875,0.421875,20,20
847,15,14,0.453125,0.421875,20,20
848,16,14,0.484375,0.421875,20,20
849,17,14,0.515625,0.421875,20,20
850,18,14,0.546875,0.421875,20,20
851,19,14,0.578125,0.421875,20,20
852,20,14,0.609375,0.421875,20,20
853,21,14,0.640625,0.421875,20,20
854,22,14,0.671875,0.421875,20,20
855,23,14,0.703125,0.421875,20,20
856,24,14,0.734375,0.421875,20,20
857,25,14,0.765625,0.421875,20,20
858,26,14,0.796875,0.421875,20,20
859,27,14,0.828125,0.421875,20,20
860,28,14,0.859375,0.421875,20,20
861,29,14,0.890625,0.421875,20,20
862,30,14,0.921875,0.421875,20,20
863,31,14,0.953125,0.421875,20,20
864,32,14,0.984375,0.421875,20,20
865,33,14,1.015625,0.421875,20,20
866,34,14,1.046875,0.421875,20,20
867,35,14,1.078125,0.421875,20,20
868,36,14,1.109375,0.421875,20,20
869,37,14,1.140625,0.421875,20,20
870,38,14,1.171875,0.421875,20,20
871,39,14,1.203125,0.421875,20,20
872,40,14,1.234375,0.421875,20,20
873,41,14,1.265625,0.421875,20,20
874,42,14,1.296875,0.421875,20,20
875,43,14,1.328125,0.421875,20,20
876,44,14,1.359375,0.421875,20,20
877,45,14,1.390625,0.421875,20,20
878,46,14,1.421875,0.421875,20,20
879,47,14,1.453125,0.421875,20,20
880,48,14,1.484375,0.421875,20,20
881,49,14,1.515625,0.421875,20,20
882,50,14,1.546875,0.421875,20,20
883,51,14,1.578125,0.421875,20,20
884,52,14,1.609375,0.421875,20,20
885,53,14,1.640625,0.421875,20,20
886,54,14,1.671875,0.421875,20,20
887,55,14,1.703125,0.421875,20,20
888,56,14,1.734375,0.421875,20,20
889,57,14,1.765625,0.421875,20,20
890,58,14,1.796875,0.421875,20,20
891,59,14,1.828125,0.421875,20,20
892,60,14,1.859375,0.421875,20,20
893,61,14,1.890625,0.421875,20,20
894,62,14,1.921875,0.421875,20,20
895,63,14,1.953125,0.421875,20,20
896,64,14,1.984375,0.421875,20,20
897,1,15,0.015625,0.453125,20,20
898,2,15,0.046875,0.453125,20,20
899,3,15,0.078125,0.453125,20,20
900,4,15,0.109375,0.453125,20,20
901,5,15,0.140625,0.453125,20,20
902,6,15,0.171875,0.453125,20,20
903,7,15,0.203125,0.453125,20,20
904,8,15,0.234375,0.453125,20,20
905,9,15,0.265625,0.453125,20,20
906,10,15,0.296875,0.453125,20,20
907,11,15,0.328125,0.453125,20,20
908,12,15,0.359375,0.453125,20,20
909,13,15,0.390625,0.453125,20,20
910,14,15,0.421875,0.453125,20,20
911,15,15,0.453125,0.453125,20,20
912,16,15,0.484375,0.453125,20,20
913,17,15,0.515625,0.453125,20,20
914,18,15,0.546875,0.453125,20,20
915,19,15,0.578125,0.453125,20,20
916,20,15,0.609375,0.453125,20,20
917,21,15,0.640625,0.453125,20,20
918,22,15,0.671875,0.453125,20,20
919,23,15,0.703125,0.453125,20,20
920,24,15,0.734375,0.453125,20,20
921,25,15,0.765625,0.453125,20,20
922,26,15,0.796875,0.453125,20,20
923,27,15,0.828125,0.453125,20,20
924,28,15,0.859375,0.453125,20,20
925,29,15,0.890625,0.453125,20,20
926,30,15,0.921875,0.453125,20,20
927,31,15,0.953125,0.453125,20,20
928,32,15,0.984375,0.453125,20,20
929,33,15,1.015625,0.453125,20,20
930,34,15,1.046875,0.453125,20,20
931,35,15,1.078125,0.453125,20,20
932,36,15,1.109375,0.453125,20,20
933,37,15,1.140625,0.453125,20,20
934,38,15,1.171875,0.453125,20,20
935,39,15,1.203125,0.453125,20,20
936,40,15,1.234375,0.453125,20,20
937,41,15,1.265625,0.453125,20,20
938,42,15,1.296875,0.453125,20,20
939,43,15,1.328125,0.453125,20,20
940,44,15,1.359375,0.453125,20,20
941,45,15,1.390625,0.453125,20,20
942,46,15,1.421875,0.453125,20,20
943,47,15,1.453125,0.453125,20,20
944,48,15,1.484375,0.453125,20,20
945,49,15,1.515625,0.453125,20,20
946,50,15,1.546875,0.453125,20,20
947,51,15,1.578125,0.453125,20,20
948,52,15,1.609375,0.453125,20,20
949,53,15,1.640625,0.453125,20,20
950,54,15,1.671875,0.453125,20,20
951,55,15,1.703125,0.453125,20,20
952,56,15,1.734375,0.453125,20,20
953,57,15,1.765625,0.453125,20,20
954,58,15,1.796875,0.453125,20,20
955,59,15,1.828125,0.453125,20,20
956,60,15,1.859375,0.453125,20,20
957,61,15,1.890625,0.453125,20,20
958,62,15,1.921875,0.453125,20,20
959,63,15,1.953125,0.453125,20,20
960,64,15,1.984375,0.453125,20,20
961,1,16,0.015625,0.484375,20,20
962,2,16,0.046875,0.484375,20,20
963,3,16,0.078125,0.484375,20,20
964,4,16,0.109375,0.484375,20,20
965,5,16,0.140625,0.484375,20,20
966,6,16,0.171875,0.484375,20,20
967,7,16,0.203125,0.484375,20,20
968,8,16,0.234375,0.484375,20,20
969,9,16,0.265625,0.484375,20,20
970,10,16,0.296875,0.484375,20,20
971,11,16,0.328125,0.484375,20,20
972,12,16,0.359375,0.484375,20,20
973,13,16,0.390625,0.484375,20,20
974,14,16,0.421875,0.484375,20,20
975,15,16,0.453125,0.484375,20,20
976,16,16,0.484375,0.484375,20,20
977,17,16,0.515625,0.484375,20,20
978,18,16,0.546875,0.484375,20,20
979,19,16,0.578125,0.484375,20,20
980,20,16,0.609375,0.484375,20,20
981,21,16,0.640625,0.484375,20,20
982,22,16,0.671875,0.484375,20,20
983,23,16,0.703125,0.484375,20,20
984,24,16,0.734375,0.484375,20,20
985,25,16,0.765625,0.484375,20,20
986,26,16,0.796875,0.484375,20,20
987,27,16,0.828125,0.484375,20,20
988,28,16,0.859375,0.484375,20,20
989,29,16,0.890625,0.484375,20,20
990,30,16,0.921875,0.484375,20,20
991,31,16,0.953125,0.484375,20,20
992,32,16,0.984375,0.484375,20,20
993,33,16,1.015625,0.484375,20,20
994,34,16,1.046875,0.484375,20,20
995,35,16,1.078125,0.484375,20,20
996,36,16,1.109375,0.484375,20,20
997,37,16,1.140625,0.484375,20,20
998,38,16,1.171875,0.484375,20,20
999,39,16,1.203125,0.484375,20,20
1000,40,16,1.234375,0.484375,20,20
1001,41,16,1.265625,0.484375,20,20
1002,42,16,1.296875,0.484375,20,20
1003,43,16,1.328125,0.484375,20,20
1004,44,16,1.359375,0.484375,20,20
1005,45,16,1.390625,0.484375,20,20
1006,46,16,1.421875,0.484375,20,20
1007,47,16,1.453125,0.484375,20,20
1008,48,16,1.484375,0.484375,20,20
1009,49,16,1.515625,0.484375,20,20
1010,50,16,1.546875,0.484375,20,20
1011,51,16,1.578125,0.484375,20,20
1012,52,16,1.609375,0.484375,20,20
1013,53,16,1.640625,0.484375,20,20
1014,54,16,1.671875,0.484375,20,20
1015,55,16,1.703125,0.484375,20,20
1016,56,16,1.734375,0.484375,20,20
1017,57,16,1.765625,0.484375,20,20
1018,58,16,1.796875,0.484375,20,20
1019,59,16,1.828125,0.484375,20,20
1020,60,16,1.859375,0.484375,20,20
1021,61,16,1.890625,0.484375,20,20
1022,62,16,1.921875,0.484375,20,20
1023,63,16,1.953125,0.484375,20,20
1024,64,16,1.984375,0.484375,20,20
1025,1,17,0.015625,0.515625,20,20
1026,2,17,0.046875,0.515625,20,20
1027,3,17,0.078125,0.515625,20,20
1028,4,17,0.109375,0.515625,20,20
1029,5,17,0.140625,0.515625,20,20
1030,6,17,0.171875,0.515625,20,20
1031,7,17,0.203125,0.515625,20,20
1032,8,17,0.234375,0.515625,20,20
1033,9,17,0.265625,0.515625,20,20
1034,10,17,0.296875,0.515625,20,20
1035,11,17,0.328125,0.515625,20,20
1036,12,17,0.359375,0.515625,20,20
1037,13,17,0.390625,0.515625,20,20
1038,14,17,0.421875,0.515625,20,20
1039,15,17,0.453125,0.515625,20,20
1040,16,17,0.484375,0.515625,20,20
1041,17,17,0.515625,0.515625,20,20
1042,18,17,0.546875,0.515625,20,20
1043,19,17,0.578125,0.515625,20,20
1044,20,17,0.609375,0.515625,20,20
1045,21,17,0.640625,0.515625,20,20
1046,22,17,0.671875,0.515625,20,20
1047,23,17,0.703125,0.515625,20,20
1048,24,17,0.734375,0.515625,20,20
1049,25,17,0.765625,0.515625,20,20
1050,26,17,0.796875,0.515625,20,20
1051,27,17,0.828125,0.515625,20,20
1052,28,17,0.859375,0.515625,20,20
1053,29,17,0.890625,0.515625,20,20
1054,30,17,0.921875,0.515625,20,20
1055,31,17,0.953125,0.515625,20,20
1056,32,17,0.984375,0.515625,20,20
1057,33,17,1.015625,0.515625,20,20
1058,34,17,1.046875,0.515625,20,20
1059,35,17,1.078125,0.515625,20,20
1060,36,17,1.109375,0.515625,20,20
1061,37,17,1.140625,0.515625,20,20
1062,38,17,1.171875,0.515625,20,20
1063,39,17,1.203125,0.515625,20,20
1064,40,17,1.234375,0.515625,20,20
1065,41,17,1.265625,0.515625,20,20
1066,42,17,1.296875,0.515625,20,20
1067,43,17,1.328125,0.515625,20,20
1068,44,17,1.359375,0.515625,20,20
1069,45,17,1.390625,0.515625,20,20
1070,46,17,1.421875,0.515625,20,20
1071,47,17,1.453125,0.515625,20,20
1072,48,17,1.484375,0.515625,20,20
1073,49,17,1.515625,0.515625,20,20
1074,50,17,1.546875,0.515625,20,20
1075,51,17,1.578125,0.515625,20,20
1076,52,17,1.609375,0.515625,20,20
1077,53,17,1.640625,0.515625,20,20
1078,54,17,1.671875,0.515625,20,20
1079,55,17,1.703125,0.515625,20,20
1080,56,17,1.734375,0.515625,20,20
1081,57,17,1.765625,0.515625,20,20
1082,58,17,1.796875,0.515625,20,20
1083,59,17,1.828125,0.515625,20,20
1084,60,17,1.859375,0.515625,20,20
1085,61,17,1.890625,0.515625,20,20
1086,62,17,1.921875,0.515625,20,20
1087,63,17,1.953125,0.515625,20,20
1088,64,17,1.984375,0.515625,20,20
1089,1,18,0.015625,0.546875,20,20
1090,2,18,0.046875,0.546875,20,20
1091,3,18,0.078125,0.546875,20,20
1092,4,18,0.109375,0.546875,20,20
1093,5,18,0.140625,0.546875,20,20
1094,6,18,0.171875,0.546875,20,20
1095,7,18,0.203125,0.546875,20,20
1096,8,18,0.234375,0.546875,20,20
1097,9,18,0.265625,0.546875,20,20
1098,10,18,0.296875,0.546875,20,20
1099,11,18,0.328125,0.546875,20,20
1100,12,18,0.359375,0.546875,20,20
1101,13,18,0.390625,0.546875,20,20
1102,14,18,0.421875,0.546875,20,20
1103,15,18,0.453125,0.546875,20,20
1104,16,18,0.484375,0.546875,20,20
1105,17,18,0.515625,0.546875,20,20
1106,18,18,0.546875,0.546875,20,20
1107,19,18,0.578125,0.546875,20,20
1108,20,18,0.609375,0.546875,20,20
1109,21,18,0.640625,0.546875,20,20
1110,22,18,0.671875,0.546875,20,20
1111,23,18,0.703125,0.546875,20,20
1112,24,18,0.734375,0.546875,20,20
1113,25,18,0.765625,0.546875,20,20
1114,26,18,0.796875,0.546875,20,20
1115,27,18,0.828125,0.546875,20,20
1116,28,18,0.859375,0.546875,20,20
1117,29,18,0.890625,0.546875,20,20
1118,30,18,0.921875,0.546875,20,20
1119,31,18,0.953125,0.546875,20,20
1120,32,18,0.984375,0.546875,20,20
1121,33,18,1.015625,0.546875,20,20
1122,34,18,1.046875,0.546875,20,20
1123,35,18,1.078125,0.546875,20,20
1124,36,18,1.109375,0.546875,20,20
1125,37,18,1.140625,0.546875,20,20
1126,38,18,1.171875,0.546875,20,20
1127,39,18,1.203125,0.546875,20,20
1128,40,18,1.234375,0.546875,20,20
1129,41,18,1.265625,0.546875,20,20
1130,42,18,1.296875,0.546875,20,20
1131,43,18,1.328125,0.546875,20,20
1132,44,18,1.359375,0.546875,20,20
1133,45,18,1.390625,0.546875,20,20
1134,46,18,1.421875,0.546875,20,20
1135,47,18,1.453125,0.546875,20,20
1136,48,18,1.484375,0.546875,20,20
1137,49,18,1.515625,0.546875,20,20
1138,50,18,1.546875,0.546875,20,20
1139,51,18,1.578125,0.546875,20,20
1140,52,18,1.609375,0.546875,20,20
1141,53,18,1.640625,0.546875,20,20
1142,54,18,1.671875,0.546875,20,20
1143,55,18,1.703125,0.546875,20,20
1144,56,18,1.734375,0.546875,20,20
1145,57,18,1.765625,0.546875,20,20
1146,58,18,1.796875,0.546875,20,20
1147,59,18,1.828125,0.546875,20,20
1148,60,18,1.859375,0.546875,20,20
1149,61,18,1.890625,0.546875,20,20
1150,62,18,1.921875,0.546875,20,20
1151,63,18,1.953125,0.546875,20,20
1152,64,18,1.984375,0.546875,20,20
1153,1,19,0.015625,0.578125,20,20
1154,2,19,0.046875,0.578125,20,20
1155,3,19,0.078125,0.578125,20,20
1156,4,19,0.109375,0.578125,20,20
1157,5,19,0.140625,0.578125,20,20
1158,6,19,0.171875,0.578125,20,20
1159,7,19,0.203125,0.578125,20,20
1160,8,19,0.234375,0.578125,20,20
1161,9,19,0.265625,0.578125,20,20
1162,10,19,0.296875,0.578125,20,20
1163,11,19,0.328125,0.578125,20,20
1164,12,19,0.359375,0.578125,20,20
1165,13,19,0.390625,0.578125,20,20
1166,14,19,0.421875,0.578125,20,20
1167,15,19,0.453125,0.578125,20,20
1168,16,19,0.484375,0.578125,20,20
1169,17,19,0.515625,0.578125,20,20
1170,18,19,0.546875,0.578125,20,20
1171,19,19,0.578125,0.578125,20,20
1172,20,19,0.609375,0.578125,20,20
1173,21,19,0.640625,0.578125,20,20
1174,22,19,0.671875,0.578125,20,20
1175,23,19,0.703125,0.578125,20,20
1176,24,19,0.734375,0.578125,20,20
1177,25,19,0.765625,0.578125,20,20
1178,26,19,0.796875,0.578125,20,20
1179,27,19,0.828125,0.578125,20,20
1180,28,19,0.859375,0.578125,20,20
1181,29,19,0.890625,0.578125,20,20
1182,30,19,0.921875,0.578125,20,20
1183,31,19,0.953125,0.578125,20,20
1184,32,19,0.984375,0.578125,20,20
1185,33,19,1.015625,0.578125,20,20
1186,34,19,1.046875,0.578125,20,20
1187,35,19,1.078125,0.578125,20,20
1188,36,19,1.109375,0.578125,20,20
1189,37,19,1.140625,0.578125,20,20
1190,38,19,1.171875,0.578125,20,20
1191,39,19,1.203125,0.578125,20,20
1192,40,19,1.234375,0.578125,20,20
1193,41,19,1.265625,0.578125,20,20
1194,42,19,1.296875,0.578125,20,20
1195,43,19,1.328125,0.578125,20,20
1196,44,19,1.359375,0.578125,20,20
1197,45,19,1.390625,0.578125,20,20
1198,46,19,1.421875,0.578125,20,20
1199,47,19,1.453125,0.578125,20,20
1200,48,19,1.484375,0.578125,20,20
1201,49,19,1.515625,0.578125,20,20
1202,50,19,1.546875,0.578125,20,20
1203,51,19,1.578125,0.578125,20,20
1204,52,19,1.609375,0.578125,20,20
1205,53,19,1.640625,0.578125,20,20
1206,54,19,1.671875,0.578125,20,20
1207,55,19,1.703125,0.578125,20,20
1208,56,19,1.734375,0.578125,20,20
1209,57,19,1.765625,0.578125,20,20
1210,58,19,1.796875,0.578125,20,20
1211,59,19,1.828125,0.578125,20,20
1212,60,19,1.859375,0.578125,20,20
1213,61,19,1.890625,0.578125,20,20
1214,62,19,1.921875,0.578125,20,20
1215,63,19,1.953125,0.578125,20,20
1216,64,19,1.984375,0.578125,20,20
1217,1,20,0.015625,0.609375,20,20
1218,2,20,0.046875,0.609375,20,20
1219,3,20,0.078125,0.609375,20,20
1220,4,20,0.109375,0.609375,20,20
1221,5,20,0.140625,0.609375,20,20
1222,6,20,0.171875,0.609375,20,20
1223,7,20,0.203125,0.609375,20,20
1224,8,20,0.234375,0.609375,20,20
1225,9,20,0.265625,0.609375,20,20
1226,10,20,0.296875,0.609375,20,20
1227,11,20,0.328125,0.609375,20,20
1228,12,20,0.359375,0.609375,20,20
1229,13,20,0.390625,0.609375,20,20
1230,14,20,0.421875,0.609375,20,20
1231,15,20,0.453125,0.609375,20,20
1232,16,20,0.484375,0.609375,20,20
1233,17,20,0.515625,0.609375,20,20
1234,18,20,0.546875,0.609375,20,20
1235,19,20,0.578125,0.609375,20,20
1236,20,20,0.609375,0.609375,20,20
1237,21,20,0.640625,0.609375,20,20
1238,22,20,0.671875,0.609375,20,20
1239,23,20,0.703125,0.609375,20,20
1240,24,20,0.734375,0.609375,20,20
1241,25,20,0.765625,0.609375,20,20
1242,26,20,0.796875,0.609375,20,20
1243,27,20,0.828125,0.609375,20,20
1244,28,20,0.859375,0.609375,20,20
1245,29,20,0.890625,0.609375,20,20
1246,30,20,0.921875,0.609375,20,20
1247,31,20,0.953125,0.609375,20,20
1248,32,20,0.984375,0.609375,20,20
1249,33,20,1.015625,0.609375,20,20
1250,34,20,1.046875,0.609375,20,20
1251,35,20,1.078125,0.609375,20,20
1252,36,20,1.109375,0.609375,20,20
1253,37,20,1.140625,0.609375,20,20
1254,38,20,1.171875,0.609375,20,20
1255,39,20,1.203125,0.609375,20,20
1256,40,20,1.234375,0.609375,20,20
1257,41,20,1.265625,0.609375,20,20
1258,42,20,1.296875,0.609375,20,20
1259,43,20,1.328125,0.609375,20,20
1260,44,20,1.359375,0.609375,20,20
1261,45,20,1.390625,0.609375,20,20
1262,46,20,1.421875,0.609375,20,20
1263,47,20,1.453125,0.609375,20,20
1264,48,20,1.484375,0.609375,20,20
1265,49,20,1.515625,0.609375,20,20
1266,50,20,1.546875,0.609375,20,20
1267,51,20,1.578125,0.609375,20,20
1268,52,20,1.609375,0.609375,20,20
1269,53,20,1.640625,0.609375,20,20
1270,54,20,1.671875,0.609375,20,20
1271,55,20,1.703125,0.609375,20,20
1272,56,20,1.734375,0.609375,20,20
1273,57,20,1.765625,0.609375,20,20
1274,58,20,1.796875,0.609375,20,20
1275,59,20,1.828125,0.609375,20,20
1276,60,20,1.859375,0.609375,20,20
1277,61,20,1.890625,0.609375,20,20
1278,62,20,1.921875,0.609375,20,20
1279,63,20,1.953125,0.609375,20,20
1280,64,20,1.984375,0.609375,20,20
1281,1,21,0.015625,0.640625,20,20
1282,2,21,0.046875,0.640625,20,20
1283,3,21,0.078125,0.640625,20,20
1284,4,21,0.109375,0.640625,20,20
1285,5,21,0.140625,0.640625,20,20
1286,6,21,0.171875,0.640625,20,20
1287,7,21,0.203125,0.640625,20,20
1288,8,21,0.234375,0.640625,20,20
1289,9,21,0.265625,0.640625,20,20
1290,10,21,0.296875,0.640625,20,20
1291,11,21,0.328125,0.640625,20,20
1292,12,21,0.359375,0.640625,20,20
1293,13,21,0.390625,0.640625,20,20
1294,14,21,0.421875,0.640625,20,20
1295,15,21,0.453125,0.640625,20,20
1296,16,21,0.484375,0.640625,20,20
1297,17,21,0.515625,0.640625,20,20
1298,18,21,0.546875,0.640625,20,20
1299,19,21,0.578125,0.640625,20,20
1300,20,21,0.609375,0.640625,20,20
1301,21,21,0.640625,0.640625,20,20
1302,22,21,0.671875,0.640625,20,20
1303,23,21,0.703125,0.640625,20,20
1304,24,21,0.734375,0.640625,20,20
1305,25,21,0.765625,0.640625,20,20
1306,26,21,0.796875,0.640625,20,20
1307,27,21,0.828125,0.640625,20,20
1308,28,21,0.859375,0.640625,20,20
1309,29,21,0.890625,0.640625,20,20
1310,30,21,0.921875,0.640625,20,20
1311,31,21,0.953125,0.640625,20,20
1312,32,21,0.984375,0.640625,20,20
1313,33,21,1.015625,0.640625,20,20
1314,34,21,1.046875,0.640625,20,20
1315,35,21,1.078125,0.640625,20,20
1316,36,21,1.109375,0.640625,20,20
1317,37,21,1.140625,0.640625,20,20
1318,38,21,1.171875,0.640625,20,20
1319,39,21,1.203125,0.640625,20,20
1320,40,21,1.234375,0.640625,20,20
1321,41,21,1.265625,0.640625,20,20
1322,42,21,1.296875,0.640625,20,20
1323,43,21,1.328125,0.640625,20,20
1324,44,21,1.359375,0.640625,20,20
1325,45,21,1.390625,0.640625,20,20
1326,46,21,1.421875,0.640625,20,20
1327,47,21,1.453125,0.640625,20,20
1328,48,21,1.484375,0.640625,20,20
1329,49,21,1.515625,0.640625,20,20
1330,50,21,1.546875,0.640625,20,20
1331,51,21,1.578125,0.640625,20,20
1332,52,21,1.609375,0.640625,20,20
1333,53,21,1.640625,0.640625,20,20
1334,54,21,1.671875,0.640625,20,20
1335,55,21,1.703125,0.640625,20,20
1336,56,21,1.734375,0.640625,20,20
1337,57,21,1.765625,0.640625,20,20
1338,58,21,1.796875,0.640625,20,20
1339,59,21,1.828125,0.640625,20,20
1340,60,21,1.859375,0.640625,20,20
1341,61,21,1.890625,0.640625,20,20
1342,62,21,1.921875,0.640625,20,20
1343,63,21,1.953125,0.640625,20,20
1344,64,21,1.984375,0.640625,20,20
1345,1,22,0.015625,0.671875,20,20
1346,2,22,0.046875,0.671875,20,20
1347,3,22,0.078125,0.671875,20,20
1348,4,22,0.109375,0.671875,20,20
1349,5,22,0.140625,0.671875,20,20
1350,6,22,0.171875,0.671875,20,20
1351,7,22,0.203125,0.671875,20,20
1352,8,22,0.234375,0.671875,20,20
1353,9,22,0.265625,0.671875,20,20
1354,10,22,0.296875,0.671875,20,20
1355,11,22,0.328125,0.671875,20,20
1356,12,22,0.359375,0.671875,20,20
1357,13,22,0.390625,0.671875,20,20
1358,14,22,0.421875,0.671875,20,20
1359,15,22,0.453125,0.671875,20,20
1360,16,22,0.484375,0.671875,20,20
1361,17,22,0.515625,0.671875,20,20
1362,18,22,0.546875,0.671875,20,20
1363,19,22,0.578125,0.671875,20,20
1364,20,22,0.609375,0.671875,20,20
1365,21,22,0.640625,0.671875,20,20
1366,22,22,0.671875,0.671875,20,20
1367,23,22,0.703125,0.671875,20,20
1368,24,22,0.734375,0.671875,20,20
1369,25,22,0.765625,0.671875,20,20
1370,26,22,0.796875,0.671875,20,20
1371,27,22,0.828125,0.671875,20,20
1372,28,22,0.859375,0.671875,20,20
1373,29,22,0.890625,0.671875,20,20
1374,30,22,0.921875,0.671875,20,20
1375,31,22,0.953125,0.671875,20,20
1376,32,22,0.984375,0.671875,20,20
1377,33,22,1.015625,0.671875,20,20
1378,34,22,1.046875,0.671875,20,20
1379,35,22,1.078125,0.671875,20,20
1380,36,22,1.109375,0.671875,20,20
1381,37,22,1.140625,0.671875,20,20
1382,38,22,1.171875,0.671875,20,20
1383,39,22,1.203125,0.671875,20,20
1384,40,22,1.234375,0.671875,20,20
1385,41,22,1.265625,0.671875,20,20
1386,42,22,1.296875,0.671875,20,20
1387,43,22,1.328125,0.671875,20,20
1388,44,22,1.359375,0.671875,20,20
1389,45,22,1.390625,0.671875,20,20
1390,46,22,1.421875,0.671875,20,20
1391,47,22,1.453125,0.671875,20,20
1392,48,22,1.484375,0.671875,20,20
1393,49,22,1.515625,0.671875,20,20
1394,50,22,1.546875,0.671875,20,20
1395,51,22,1.578125,0.671875,20,20
1396,52,22,1.609375,0.671875,20,20
1397,53,22,1.640625,0.671875,20,20
1398,54,22,1.671875,0.671875,20,20
1399,55,22,1.703125,0.671875,20,20
1400,56,22,1.734375,0.671875,20,20
1401,57,22,1.765625,0.671875,20,20
1402,58,22,1.796875,0.671875,20,20
1403,59,22,1.828125,0.671875,20,20
1404,60,22,1.859375,0.671875,20,20
1405,61,22,1.890625,0.671875,20,20
1406,62,22,1.921875,0.671875,20,20
1407,63,22,1.953125,0.671875,20,20
1408,64,22,1.984375,0.671875,20,20
1409,1,23,0.015625,0.703125,20,20
1410,2,23,0.046875,0.703125,20,20
1411,3,23,0.078125,0.703125,20,20
1412,4,23,0.109375,0.703125,20,20
1413,5,23,0.140625,0.703125,20,20
1414,6,23,0.171875,0.703125,20,20
1415,7,23,0.203125,0.703125,20,20
1416,8,23,0.234375,0.703125,20,20
1417,9,23,0.265625,0.703125,20,20
1418,10,23,0.296875,0.703125,20,20
1419,11,23,0.328125,0.703125,20,20
1420,12,23,0.359375,0.703125,20,20
1421,13,23,0.390625,0.703125,20,20
1422,14,23,0.421875,0.703125,20,20
1423,15,23,0.453125,0.703125,20,20
1424,16,23,0.484375,0.703125,20,20
1425,17,23,0.515625,0.703125,20,20
1426,18,23,0.546875,0.703125,20,20
1427,19,23,0.578125,0.703125,20,20
1428,20,23,0.609375,0.703125,20,20
1429,21,23,0.640625,0.703125,20,20
1430,22,23,0.671875,0.703125,20,20
1431,23,23,0.703125,0.703125,20,20
1432,24,23,0.734375,0.703125,20,20
1433,25,23,0.765625,0.703125,20,20
1434,26,23,0.796875,0.703125,20,20
1435,27,23,0.828125,0.703125,20,20
1436,28,23,0.859375,0.703125,20,20
1437,29,23,0.890625,0.703125,20,20
1438,30,23,0.921875,0.703125,20,20
1439,31,23,0.953125,0.703125,20,20
1440,32,23,0.984375,0.703125,20,20
1441,33,23,1.015625,0.703125,20,20
1442,34,23,1.046875,0.703125,20,20
1443,35,23,1.078125,0.703125,20,20
1444,36,23,1.109375,0.703125,20,20
1445,37,23,1.140625,0.703125,20,20
1446,38,23,1.171875,0.703125,20,20
1447,39,23,1.203125,0.703125,20,20
1448,40,23,1.234375,0.703125,20,20
1449,41,23,1.265625,0.703125,20,20
1450,42,23,1.296875,0.703125,20,20
1451,43,23,1.328125,0.703125,20,20
1452,44,23,1.359375,0.703125,20,20
1453,45,23,1.390625,0.703125,20,20
1454,46,23,1.421875,0.703125,20,20
1455,47,23,1.453125,0.703125,20,20
1456,48,23,1.484375,0.703125,20,20
1457,49,23,1.515625,0.703125,20,20
1458,50,23,1.546875,0.703125,20,20
1459,51,23,1.578125,0.703125,20,20
1460,52,23,1.609375,0.703125,20,20
1461,53,23,1.640625,0.703125,20,20
1462,54,23,1.671875,0.703125,20,20
1463,55,23,1.703125,0.703125,20,20
1464,56,23,1.734375,0.703125,20,20
1465,57,23,1.765625,0.703125,20,20
1466,58,23,1.796875,0.703125,20,20
1467,59,23,1.828125,0.703125,20,20
1468,60,23,1.859375,0.703125,20,20
1469,61,23,1.890625,0.703125,20,20
1470,62,23,1.921875,0.703125,20,20
1471,63,23,1.953125,0.703125,20,20
1472,64,23,1.984375,0.703125,20,20
1473,1,24,0.015625,0.734375,20,20
1474,2,24,0.046875,0.734375,20,20
1475,3,24,0.078125,0.734375,20,20
1476,4,24,0.109375,0.734375,20,20
1477,5,24,0.140625,0.734375,20,20
1478,6,24,0.171875,0.734375,20,20
1479,7,24,0.203125,0.734375,20,20
1480,8,24,0.234375,0.734375,20,20
1481,9,24,0.265625,0.734375,20,20
1482,10,24,0.296875,0.734375,20,20
1483,11,24,0.328125,0.734375,20,20
1484,12,24,0.359375,0.734375,20,20
1485,13,24,0.390625,0.734375,20,20
1486,14,24,0.421875,0.734375,20,20
1487,15,24,0.453125,0.734375,20,20
1488,16,24,0.484375,0.734375,20,20
1489,17,24,0.515625,0.734375,20,20
1490,18,24,0.546875,0.734375,20,20
1491,19,24,0.578125,0.734375,20,20
1492,20,24,0.609375,0.734375,20,20
1493,21,24,0.640625,0.734375,20,20
1494,22,24,0.671875,0.734375,20,20
1495,23,24,0.703125,0.734375,20,20
1496,24,24,0.734375,0.734375,20,20
1497,25,24,0.765625,0.734375,20,20
1498,26,24,0.796875,0.734375,20,20
1499,27,24,0.828125,0.734375,20,20
1500,28,24,0.859375,0.734375,20,20
1501,29,24,0.890625,0.734375,20,20
1502,30,24,0.921875,0.734375,20,20
1503,31,24,0.953125,0.734375,20,20
1504,32,24,0.984375,0.734375,20,20
1505,33,24,1.015625,0.734375,20,20
1506,34,24,1.046875,0.734375,20,20
1507,35,24,1.078125,0.734375,20,20
1508,36,24,1.109375,0.734375,20,20
1509,37,24,1.140625,0.734375,20,20
1510,38,24,1.171875,0.734375,20,20
1511,39,24,1.203125,0.734375,20,20
1512,40,24,1.234375,0.734375,20,20
1513,41,24,1.265625,0.734375,20,20
1514,42,24,1.296875,0.734375,20,20
1515,43,24,1.328125,0.734375,20,20
1516,44,24,1.359375,0.734375,20,20
1517,45,24,1.390625,0.734375,20,20
1518,46,24,1.421875,0.734375,20,20
1519,47,24,1.453125,0.734375,20,20
1520,48,24,1.484375,0.734375,20,20
1521,49,24,1.515625,0.734375,20,20
1522,50,24,1.546875,0.734375,20,20
1523,51,24,1.578125,0.734375,20,20
1524,52,24,1.609375,0.734375,20,20
1525,53,24,1.640625,0.734375,20,20
1526,54,24,1.671875,0.734375,20,20
1527,55,24,1.703125,0.734375,20,20
1528,56,24,1.734375,0.734375,20,20
1529,57,24,1.765625,0.734375,20,20
1530,58,24,1.796875,0.734375,20,20
1531,59,24,1.828125,0.734375,20,20
1532,60,24,1.859375,0.734375,20,20
1533,61,24,1.890625,0.734375,20,20
1534,62,24,1.921875,0.734375,20,20
1535,63,24,1.953125,0.734375,20,20
1536,64,24,1.984375,0.734375,20,20
1537,1,25,0.015625,0.765625,20,20
1538,2,25,0.046875,0.765625,20,20
1539,3,25,0.078125,0.765625,20,20
1540,4,25,0.109375,0.765625,20,20
1541,5,25,0.140625,0.765625,20,20
1542,6,25,0.171875,0.765625,20,20
1543,7,25,0.203125,0.765625,20,20
1544,8,25,0.234375,0.765625,20,20
1545,9,25,0.265625,0.765625,20,20
1546,10,25,0.296875,0.765625,20,20
1547,11,25,0.328125,0.765625,20,20
1548,12,25,0.359375,0.765625,20,20
1549,13,25,0.390625,0.765625,20,20
1550,14,25,0.421875,0.765625,20,20
1551,15,25,0.453125,0.765625,20,20
1552,16,25,0.484375,0.765625,20,20
1553,17,25,0.515625,0.765625,20,20
1554,18,25,0.546875,0.765625,20,20
1555,19,25,0.578125,0.765625,20,20
1556,20,25,0.609375,0.765625,20,20
1557,21,25,0.640625,0.765625,20,20
1558,22,25,0.671875,0.765625,20,20
1559,23,25,0.703125,0.765625,20,20
1560,24,25,0.734375,0.765625,20,20
1561,25,25,0.765625,0.765625,20,20
1562,26,25,0.796875,0.765625,20,20
1563,27,25,0.828125,0.765625,20,20
1564,28,25,0.859375,0.765625,20,20
1565,29,25,0.890625,0.765625,20,20
1566,30,25,0.921875,0.765625,20,20
1567,31,25,0.953125,0.765625,20,20
1568,32,25,0.984375,0.765625,20,20
1569,33,25,1.015625,0.765625,20,20
1570,34,25,1.046875,0.765625,20,20
1571,35,25,1.078125,0.765625,20,20
1572,36,25,1.109375,0.765625,20,20
1573,37,25,1.140625,0.765625,20,20
1574,38,25,1.171875,0.765625,20,20
1575,39,25,1.203125,0.765625,20,20
1576,40,25,1.234375,0.765625,20,20
1577,41,25,1.265625,0.765625,20,20
1578,42,25,1.296875,0.765625,20,20
1579,43,25,1.328125,0.765625,20,20
1580,44,25,1.359375,0.765625,20,20
1581,45,25,1.390625,0.765625,20,20
1582,46,25,1.421875,0.765625,20,20
1583,47,25,1.453125,0.765625,20,20
1584,48,25,1.484375,0.765625,20,20
1585,49,25,1.515625,0.765625,20,20
1586,50,25,1.546875,0.765625,20,20
1587,51,25,1.578125,0.765625,20,20
1588,52,25,1.609375,0.765625,20,20
1589,53,25,1.640625,0.765625,20,20
1590,54,25,1.671875,0.765625,20,20
1591,55,25,1.703125,0.765625,20,20
1592,56,25,1.734375,0.765625,20,20
1593,57,25,1.765625,0.765625,20,20
1594,58,25,1.796875,0.765625,20,20
1595,59,25,1.828125,0.765625,20,20
1596,60,25,1.859375,0.765625,20,20
1597,61,25,1.890625,0.765625,20,20
1598,62,25,1.921875,0.765625,20,20
1599,63,25,1.953125,0.765625,20,20
1600,64,25,1.984375,0.765625,20,20
1601,1,26,0.015625,0.796875,20,20
1602,2,26,0.046875,0.796875,20,20
1603,3,26,0.078125,0.796875,20,20
1604,4,26,0.109375,0.796875,20,20
1605,5,26,0.140625,0.796875,20,20
1606,6,26,0.171875,0.796875,20,20
1607,7,26,0.203125,0.796875,20,20
1608,8,26,0.234375,0.796875,20,20
1609,9,26,0.265625,0.796875,20,20
1610,10,26,0.296875,0.796875,20,20
1611,11,26,0.328125,0.796875,20,20
1612,12,26,0.359375,0.796875,20,20
1613,13,26,0.390625,0.796875,20,20
1614,14,26,0.421875,0.796875,20,20
1615,15,26,0.453125,0.796875,20,20
1616,16,26,0.484375,0.796875,20,20
1617,17,26,0.515625,0.796875,20,20
1618,18,26,0.546875,0.796875,20,20
1619,19,26,0.578125,0.796875,20,20
1620,20,26,0.609375,0.796875,20,20
1621,21,26,0.640625,0.796875,20,20
1622,22,26,0.671875,0.796875,20,20
1623,23,26,0.703125,0.796875,20,20
1624,24,26,0.734375,0.796875,20,20
1625,25,26,0.765625,0.796875,20,20
1626,26,26,0.796875,0.796875,20,20
1627,27,26,0.828125,0.796875,20,20
1628,28,26,0.859375,0.796875,20,20
1629,29,26,0.890625,0.796875,20,20
1630,30,26,0.921875,0.796875,20,20
1631,31,26,0.953125,0.796875,20,20
1632,32,26,0.984375,0.796875,20,20
1633,33,26,1.015625,0.796875,20,20
1634,34,26,1.046875,0.796875,20,20
1635,35,26,1.078125,0.796875,20,20
1636,36,26,1.109375,0.796875,20,20
1637,37,26,1.140625,0.796875,20,20
1638,38,26,1.171875,0.796875,20,20
1639,39,26,1.203125,0.796875,20,20
1640,40,26,1.234375,0.796875,20,20
1641,41,26,1.265625,0.796875,20,20
1642,42,26,1.296875,0.796875,20,20
1643,43,26,1.328125,0.796875,20,20
1644,44,26,1.359375,0.796875,20,20
1645,45,26,1.390625,0.796875,20,20
1646,46,26,1.421875,0.796875,20,20
1647,47,26,1.453125,0.796875,20,20
1648,48,26,1.484375,0.796875,20,20
1649,49,26,1.515625,0.796875,20,20
1650,50,26,1.546875,0.796875,20,20
1651,51,26,1.578125,0.796875,20,20
1652,52,26,1.609375,0.796875,20,20
1653,53,26,1.640625,0.796875,20,20
1654,54,26,1.671875,0.796875,20,20
1655,55,26,1.703125,0.796875,20,20
1656,56,26,1.734375,0.796875,20,20
1657,57,26,1.765625,0.796875,20,20
1658,58,26,1.796875,0.796875,20,20
1659,59,26,1.828125,0.796875,20,20
1660,60,26,1.859375,0.796875,20,20
1661,61,26,1.890625,0.796875,20,20
1662,62,26,1.921875,0.796875,20,20
1663,63,26,1.953125,0.796875,20,20
1664,64,26,1.984375,0.796875,20,20
1665,1,27,0.015625,0.828125,20,20
1666,2,27,0.046875,0.828125,20,20
1667,3,27,0.078125,0.828125,20,20
1668,4,27,0.109375,0.828125,20,20
1669,5,27,0.140625,0.828125,20,20
1670,6,27,0.171875,0.828125,20,20
1671,7,27,0.203125,0.828125,20,20
1672,8,27,0.234375,0.828125,20,20
1673,9,27,0.265625,0.828125,20,20
1674,10,27,0.296875,0.828125,20,20
1675,11,27,0.328125,0.828125,20,20
1676,12,27,0.359375,0.828125,20,20
1677,13,27,0.390625,0.828125,20,20
1678,14,27,0.421875,0.828125,20,20
1679,15,27,0.453125,0.828125,20,20
1680,16,27,0.484375,0.828125,20,20
1681,17,27,0.515625,0.828125,20,20
1682,18,27,0.546875,0.828125,20,20
1683,19,27,0.578125,0.828125,20,20
1684,20,27,0.609375,0.828125,20,20
1685,21,27,0.640625,0.828125,20,20
1686,22,27,0.671875,0.828125,20,20
1687,23,27,0.703125,0.828125,20,20
1688,24,27,0.734375,0.828125,20,20
1689,25,27,0.765625,0.828125,20,20
1690,26,27,0.796875,0.828125,20,20
1691,27,27,0.828125,0.828125,20,20
1692,28,27,0.859375,0.828125,20,20
1693,29,27,0.890625,0.828125,20,20
1694,30,27,0.921875,0.828125,20,20
1695,31,27,0.953125,0.828125,20,20
1696,32,27,0.984375,0.828125,20,20
1697,33,27,1.015625,0.828125,20,20
1698,34,27,1.046875,0.828125,20,20
1699,35,27,1.078125,0.828125,20,20
1700,36,27,1.109375,0.828125,20,20
1701,37,27,1.140625,0.828125,20,20
1702,38,27,1.171875,0.828125,20,20
1703,39,27,1.203125,0.828125,20,20
1704,40,27,1.234375,0.828125,20,20
1705,41,27,1.265625,0.828125,20,20
1706,42,27,1.296875,0.828125,20,20
1707,43,27,1.328125,0.828125,20,20
1708,44,27,1.359375,0.828125,20,20
1709,45,27,1.390625,0.828125,20,20
1710,46,27,1.421875,0.828125,20,20
1711,47,27,1.453125,0.828125,20,20
1712,48,27,1.484375,0.828125,20,20
1713,49,27,1.515625,0.828125,20,20
1714,50,27,1.546875,0.828125,20,20
1715,51,27,1.578125,0.828125,20,20
1716,52,27,1.609375,0.828125,20,20
1717,53,27,1.640625,0.828125,20,20
1718,54,27,1.671875,0.828125,20,20
1719,55,27,1.703125,0.828125,20,20
1720,56,27,1.734375,0.828125,20,20
1721,57,27,1.765625,0.828125,20,20
1722,58,27,1.796875,0.828125,20,20
1723,59,27,1.828125,0.828125,20,20
1724,60,27,1.859375,0.828125,20,20
1725,61,27,1.890625,0.828125,20,20
1726,62,27,1.921875,0.828125,20,20
1727,63,27,1.953125,0.828125,20,20
1728,64,27,1.984375,0.828125,20,20
1729,1,28,0.015625,0.859375,20,20
1730,2,28,0.046875,0.859375,20,20
1731,3,28,0.078125,0.859375,20,20
1732,4,28,0.109375,0.859375,20,20
1733,5,28,0.140625,0.859375,20,20
1734,6,28,0.171875,0.859375,20,20
1735,7,28,0.203125,0.859375,20,20
1736,8,28,0.234375,0.859375,20,20
1737,9,28,0.265625,0.859375,20,20
1738,10,28,0.296875,0.859375,20,20
1739,11,28,0.328125,0.859375,20,20
1740,12,28,0.359375,0.859375,20,20
1741,13,28,0.390625,0.859375,20,20
1742,14,28,0.421875,0.859375,20,20
1743,15,28,0.453125,0.859375,20,20
1744,16,28,0.484375,0.859375,20,20
1745,17,28,0.515625,0.859375,20,20
1746,18,28,0.546875,0.859375,20,20
1747,19,28,0.578125,0.859375,20,20
1748,20,28,0.609375,0.859375,20,20
1749,21,28,0.640625,0.859375,20,20
1750,22,28,0.671875,0.859375,20,20
1751,23,28,0.703125,0.859375,20,20
1752,24,28,0.734375,0.859375,20,20
1753,25,28,0.765625,0.859375,20,20
1754,26,28,0.796875,0.859375,20,20
1755,27,28,0.828125,0.859375,20,20
1756,28,28,0.859375,0.859375,20,20
1757,29,28,0.890625,0.859375,20,20
1758,30,28,0.921875,0.859375,20,20
1759,31,28,0.953125,0.859375,20,20
1760,32,28,0.984375,0.859375,20,20
1761,33,28,1.015625,0.859375,20,20
1762,34,28,1.046875,0.859375,20,20
1763,35,28,1.078125,0.859375,20,20
1764,36,28,1.109375,0.859375,20,20
1765,37,28,1.140625,0.859375,20,20
1766,38,28,1.171875,0.859375,20,20
1767,39,28,1.203125,0.859375,20,20
1768,40,28,1.234375,0.859375,20,20
1769,41,28,1.265625,0.859375,20,20
1770,42,28,1.296875,0.859375,20,20
1771,43,28,1.328125,0.859375,20,20
1772,44,28,1.359375,0.859375,20,20
1773,45,28,1.390625,0.859375,20,20
1774,46,28,1.421875,0.859375,20,20
1775,47,28,1.453125,0.859375,20,20
1776,48,28,1.484375,0.859375,20,20
1777,49,28,1.515625,0.859375,20,20
1778,50,28,1.546875,0.859375,20,20
1779,51,28,1.578125,0.859375,20,20
1780,52,28,1.609375,0.859375,20,20
1781,53,28,1.640625,0.859375,20,20
1782,54,28,1.671875,0.859375,20,20
1783,55,28,1.703125,0.859375,20,20
1784,56,28,1.734375,0.859375,20,20
1785,57,28,1.765625,0.859375,20,20
1786,58,28,1.796875,0.859375,20,20
1787,59,28,1.828125,0.859375,20,20
1788,60,28,1.859375,0.859375,20,20
1789,61,28,1.890625,0.859375,20,20
1790,62,28,1.921875,0.859375,20,20
1791,63,28,1.953125,0.859375,20,20
1792,64,28,1.984375,0.859375,20,20
1793,1,29,0.015625,0.890625,20,20
1794,2,29,0.046875,0.890625,20,20
1795,3,29,0.078125,0.890625,20,20
1796,4,29,0.109375,0.890625,20,20
1797,5,29,0.140625,0.890625,20,20
1798,6,29,0.171875,0.890625,20,20
1799,7,29,0.203125,0.890625,20,20
1800,8,29,0.234375,0.890625,20,20
1801,9,29,0.265625,0.890625,20,20
1802,10,29,0.296875,0.890625,20,20
1803,11,29,0.328125,0.890625,20,20
1804,12,29,0.359375,0.890625,20,20
1805,13,29,0.390625,0.890625,20,20
1806,14,29,0.421875,0.890625,20,20
1807,15,29,0.453125,0.890625,20,20
1808,16,29,0.484375,0.890625,20,20
1809,17,29,0.515625,0.890625,20,20
1810,18,29,0.546875,0.890625,20,20
1811,19,29,0.578125,0.890625,20,20
1812,20,29,0.609375,0.890625,20,20
1813,21,29,0.640625,0.890625,20,20
1814,22,29,0.671875,0.890625,20,20
1815,23,29,0.703125,0.890625,20,20
1816,24,29,0.734375,0.890625,20,20
1817,25,29,0.765625,0.890625,20,20
1818,26,29,0.796875,0.890625,20,20
1819,27,29,0.828125,0.890625,20,20
1820,28,29,0.859375,0.890625,20,20
1821,29,29,0.890625,0.890625,20,20
1822,30,29,0.921875,0.890625,20,20
1823,31,29,0.953125,0.890625,20,20
1824,32,29,0.984375,0.890625,20,20
1825,33,29,1.015625,0.890625,20,20
1826,34,29,1.046875,0.890625,20,20
1827,35,29,1.078125,0.890625,20,20
1828,36,29,1.109375,0.890625,20,20
1829,37,29,1.140625,0.890625,20,20
1830,38,29,1.171875,0.890625,20,20
1831,39,29,1.203125,0.890625,20,20
1832,40,29,1.234375,0.890625,20,20
1833,41,29,1.265625,0.890625,20,20
1834,42,29,1.296875,0.890625,20,20
1835,43,29,1.328125,0.890625,20,20
1836,44,29,1.359375,0.890625,20,20
1837,45,29,1.390625,0.890625,20,20
1838,46,29,1.421875,0.890625,20,20
1839,47,29,1.453125,0.890625,20,20
1840,48,29,1.484375,0.890625,20,20
1841,49,29,1.515625,0.890625,20,20
1842,50,29,1.546875,0.890625,20,20
1843,51,29,1.578125,0.890625,20,20
1844,52,29,1.609375,0.890625,20,20
1845,53,29,1.640625,0.890625,20,20
1846,54,29,1.671875,0.890625,20,20
1847,55,29,1.703125,0.890625,20,20
1848,56,29,1.734375,0.890625,20,20
1849,57,29,1.765625,0.890625,20,20
1850,58,29,1.796875,0.890625,20,20
1851,59,29,1.828125,0.890625,20,20
1852,60,29,1.859375,0.890625,20,20
1853,61,29,1.890625,0.890625,20,20
1854,62,29,1.921875,0.890625,20,20
1855,63,29,1.953125,0.890625,20,20
1856,64,29,1.984375,0.890625,20,20
1857,1,30,0.015625,0.921875,20,20
1858,2,30,0.046875,0.921875,20,20
1859,3,30,0.078125,0.921875,20,20
1860,4,30,0.109375,0.921875,20,20
1861,5,30,0.140625,0.921875,20,20
1862,6,30,0.171875,0.921875,20,20
1863,7,30,0.203125,0.921875,20,20
1864,8,30,0.234375,0.921875,20,20
1865,9,30,0.265625,0.921875,20,20
1866,10,30,0.296875,0.921875,20,20
1867,11,30,0.328125,0.921875,20,20
1868,12,30,0.359375,0.921875,20,20
1869,13,30,0.390625,0.921875,20,20
1870,14,30,0.421875,0.921875,20,20
1871,15,30,0.453125,0.921875,20,20
1872,16,30,0.484375,0.921875,20,20
1873,17,30,0.515625,0.921875,20,20
1874,18,30,0.546875,0.921875,20,20
1875,19,30,0.578125,0.921875,20,20
1876,20,30,0.609375,0.921875,20,20
1877,21,30,0.640625,0.921875,20,20
1878,22,30,0.671875,0.921875,20,20
1879,23,30,0.703125,0.921875,20,20
1880,24,30,0.734375,0.921875,20,20
1881,25,30,0.765625,0.921875,20,20
1882,26,30,0.796875,0.921875,20,20
1883,27,30,0.828125,0.921875,20,20
1884,28,30,0.859375,0.921875,20,20
1885,29,30,0.890625,0.921875,20,20
1886,30,30,0.921875,0.921875,20,20
1887,31,30,0.953125,0.921875,20,20
1888,32,30,0.984375,0.921875,20,20
1889,33,30,1.015625,0.921875,20,20
1890,34,30,1.046875,0.921875,20,20
1891,35,30,1.078125,0.921875,20,20
1892,36,30,1.109375,0.921875,20,20
1893,37,30,1.140625,0.921875,20,20
1894,38,30,1.171875,0.921875,20,20
1895,39,30,1.203125,0.921875,20,20
1896,40,30,1.234375,0.921875,20,20
1897,41,30,1.265625,0.921875,20,20
1898,42,30,1.296875,0.921875,20,20
1899,43,30,1.328125,0.921875,20,20
1900,44,30,1.359375,0.921875,20,20
1901,45,30,1.390625,0.921875,20,20
1902,46,30,1.421875,0.921875,20,20
1903,47,30,1.453125,0.921875,20,20
1904,48,30,1.484375,0.921875,20,20
1905,49,30,1.515625,0.921875,20,20
1906,50,30,1.546875,0.921875,20,20
1907,51,30,1.578125,0.921875,20,20
1908,52,30,1.609375,0.921875,20,20
1909,53,30,1.640625,0.921875,20,20
1910,54,30,1.671875,0.921875,20,20
1911,55,30,1.703125,0.921875,20,20
1912,56,30,1.734375,0.921875,20,20
1913,57,30,1.765625,0.921875,20,20
1914,58,30,1.796875,0.921875,20,20
1915,59,30,1.828125,0.921875,20,20
1916,60,30,1.859375,0.921875,20,20
1917,61,30,1.890625,0.921875,20,20
1918,62,30,1.921875,0.921875,20,20
1919,63,30,1.953125,0.921875,20,20
1920,64,30,1.984375,0.921875,20,20
1921,1,31,0.015625,0.953125,20,20
1922,2,31,0.046875,0.953125,20,20
1923,3,31,0.078125,0.953125,20,20
1924,4,31,0.109375,0.953125,20,20
1925,5,31,0.140625,0.953125,20,20
1926,6,31,0.171875,0.953125,20,20
1927,7,31,0.203125,0.953125,20,20
1928,8,31,0.234375,0.953125,20,20
1929,9,31,0.265625,0.953125,20,20
1930,10,31,0.296875,0.953125,20,20
1931,11,31,0.328125,0.953125,20,20
1932,12,31,0.359375,0.953125,20,20
1933,13,31,0.390625,0.953125,20,20
1934,14,31,0.421875,0.953125,20,20
1935,15,31,0.453125,0.953125,20,20
1936,16,31,0.484375,0.953125,20,20
1937,17,31,0.515625,0.953125,20,20
1938,18,31,0.546875,0.953125,20,20
1939,19,31,0.578125,0.953125,20,20
1940,20,31,0.609375,0.953125,20,20
1941,21,31,0.640625,0.953125,20,20
1942,22,31,0.671875,0.953125,20,20
1943,23,31,0.703125,0.953125,20,20
1944,24,31,0.734375,0.953125,20,20
1945,25,31,0.765625,0.953125,20,20
1946,26,31,0.796875,0.953125,20,20
1947,27,31,0.828125,0.953125,20,20
1948,28,31,0.859375,0.953125,20,20
1949,29,31,0.890625,0.953125,20,20
1950,30,31,0.921875,0.953125,20,20
1951,31,31,0.953125,0.953125,20,20
1952,32,31,0.984375,0.953125,20,20
1953,33,31,1.015625,0.953125,20,20
1954,34,31,1.046875,0.953125,20,20
1955,35,31,1.078125,0.953125,20,20
1956,36,31,1.109375,0.953125,20,20
1957,37,31,1.140625,0.953125,20,20
1958,38,31,1.171875,0.953125,20,20
1959,39,31,1.203125,0.953125,20,20
1960,40,31,1.234375,0.953125,20,20
1961,41,31,1.265625,0.953125,20,20
1962,42,31,1.296875,0.953125,20,20
1963,43,31,1.328125,0.953125,20,20
1964,44,31,1.359375,0.953125,20,20
1965,45,31,1.390625,0.953125,20,20
1966,46,31,1.421875,0.953125,20,20
1967,47,31,1.453125,0.953125,20,20
1968,48,31,1.484375,0.953125,20,20
1969,49,31,1.515625,0.953125,20,20
1970,50,31,1.546875,0.953125,20,20
1971,51,31,1.578125,0.953125,20,20
1972,52,31,1.609375,0.953125,20,20
1973,53,31,1.640625,0.953125,20,20
1974,54,31,1.671875,0.953125,20,20
1975,55,31,1.703125,0.953125,20,20
1976,56,31,1.734375,0.953125,20,20
1977,57,31,1.765625,0.953125,20,20
1978,58,31,1.796875,0.953125,20,20
1979,59,31,1.828125,0.953125,20,20
1980,60,31,1.859375,0.953125,20,20
1981,61,31,1.890625,0.953125,20,20
1982,62,31,1.921875,0.953125,20,20
1983,63,31,1.953125,0.953125,20,20
1984,64,31,1.984375,0.953125,20,20
1985,1,32,0.015625,0.984375,20,20
1986,2,32,0.046875,0.984375,20,20
1987,3,32,0.078125,0.984375,20,20
1988,4,32,0.109375,0.984375,20,20
1989,5,32,0.140625,0.984375,20,20
1990,6,32,0.171875,0.984375,20,20
1991,7,32,0.203125,0.984375,20,20
1992,8,32,0.234375,0.984375,20,20
1993,9,32,0.265625,0.984375,20,20
1994,10,32,0.296875,0.984375,20,20
1995,11,32,0.328125,0.984375,20,20
1996,12,32,0.359375,0.984375,20,20
1997,13,32,0.390625,0.984375,20,20
1998,14,32,0.421875,0.984375,20,20
1999,15,32,0.453125,0.984375,20,20
2000,16,32,0.484375,0.984375,20,20
2001,17,32,0.515625,0.984375,20,20
2002,18,32,0.546875,0.984375,20,20
2003,19,32,0.578125,0.984375,20,20
2004,20,32,0.609375,0.984375,20,20
2005,21,32,0.640625,0.984375,20,20
2006,22,32,0.671875,0.984375,20,20
2007,23,32,0.703125,0.984375,20,20
2008,24,32,0.734375,0.984375,20,20
2009,25,32,0.765625,0.984375,20,20
2010,26,32,0.796875,0.984375,20,20
2011,27,32,0.828125,0.984375,20,20
2012,28,32,0.859375,0.984375,20,20
2013,29,32,0.890625,0.984375,20,20
2014,30,32,0.921875,0.984375,20,20
2015,31,32,0.953125,0.984375,20,20
2016,32,32,0.984375,0.984375,20,20
2017,33,32,1.015625,0.984375,20,20
2018,34,32,1.046875,0.984375,20,20
2019,35,32,1.078125,0.984375,20,20
2020,36,32,1.109375,0.984375,20,20
2021,37,32,1.140625,0.984375,20,20
2022,38,32,1.171875,0.984375,20,20
2023,39,32,1.203125,0.984375,20,20
2024,40,32,1.234375,0.984375,20,20
2025,41,32,1.265625,0.984375,20,20
2026,42,32,1.296875,0.984375,20,20
2027,43,32,1.328125,0.984375,20,20
2028,44,32,1.359375,0.984375,20,20
2029,45,32,1.390625,0.984375,20,20
2030,46,32,1.421875,0.984375,20,20
2031,47,32,1.453125,0.984375,20,20
2032,48,32,1.484375,0.984375,20,20
2033,49,32,1.515625,0.984375,20,20
2034,50,32,1.546875,0.984375,20,20
2035,51,32,1.578125,0.984375,20,20
2036,52,32,1.609375,0.984375,20,20
2037,53,32,1.640625,0.984375,20,20
2038,54,32,1.671875,0.984375,20,20
2039,55,32,1.703125,0.984375,20,20
2040,56,32,1.734375,0.984375,20,20
2041,57,32,1.765625,0.984375,20,20
2042,58,32,1.796875,0.984375,20,20
2043,59,32,1.828125,0.984375,20,20
2044,60,32,1.859375,0.984375,20,20
2045,61,32,1.890625,0.984375,20,20
2046,62,32,1.921875,0.984375,20,20
2047,63,32,1.953125,0.984375,20,20
2048,64,32,1.984375,0.984375,20,20
