sweep,x,case_id,gamma,alpha_deg,lambdaMeanOverH,ell,nu_SRC,nu_SRC_std,nu_SRC_CV,nu_Q6GF,nu_Q6GF_std,nu_Q6GF_CV,nu_star_SRC,nu_star_Q6GF,R_nu_paired,R_nu_paired_std,R_nu_status,D_SRC,D_SRC_std,D_SRC_CV,D_Q6GF,D_Q6GF_std,D_Q6GF_CV,D_star_SRC,D_star_Q6GF,R_D,R_D_std,R_D_method,Sc_SRC,Sc_Q6GF,TG_status_SRC_Q6GF,MSD_status_SRC_Q6GF,nu_source,D_source,nu_prelim_SRC_x20c,nu_prelim_Q6GF_x20c,R_nu_prelim_x20c,R_nu_prelim_std_x20c,note
ell,0.2872384418890316,L036_G08_A120,8,120.0,0.36,0.2872384418890316,0.0006774787066662056,6.65780874244649e-05,0.09827332840036843,0.0007185351225500279,7.148437368744265e-05,0.09948626231902194,0.14090395092534524,0.14944298123278035,1.0619215362759307,0.05869985522504735,PASS,0.00015458908588577517,5.387707444699915e-06,0.034851797032300555,0.00022396732846105636,3.886349072652069e-05,0.1735230356747248,0.032151878364459596,0.04658136284998543,1.4446821743444291,0.20209139161889686,paired_seed_mean (x20a),4.382448494240984,3.2082140171394125,PASS/PASS,PASS/PASS,"x20b TG 128x128, 6 seeds","x20a MSD 64x64, 3 seeds",,,,,
ell,0.3829845891853754,L048_G08_A120,8,120.0,0.48,0.3829845891853754,0.0005729662182187908,5.0303446265120705e-05,0.08779478556606983,0.0006630681089495706,0.00011806188039964148,0.17805392659688393,0.15888952789096486,0.18387572502629082,1.1592034792371528,0.2088625011766118,REVIEW,0.0001994248194050236,1.158918224776311e-06,0.005811303869969143,0.00022117724885897122,1.0463890284510158e-05,0.04730997577052885,0.05530258922334131,0.061334765530635355,1.1090957522716707,0.052861847799175264,paired_seed_mean (x20a),2.8730938301873046,2.9979037734227414,PASS/REVIEW,PASS/PASS,"x20b TG 128x128, 6 seeds","x20a MSD 64x64, 3 seeds",,,,,
ell,0.4787307364817193,L060_G08_A120,8,120.0,0.6,0.4787307364817193,0.0005931139929064175,7.147286814163841e-05,0.12050443758947955,0.0005925321794007607,0.00020713691100335147,0.34957917595772275,0.2055958958003519,0.20539421708375633,1.0007413103721354,0.315608887063046,INVALID,0.00023319747762830852,9.508412529981158e-06,0.04077407966280208,0.0002467770049233333,1.1699401811430056e-05,0.047408800569018715,0.0808351259366416,0.08554230720728556,1.0585970854854958,0.042780806956129847,paired_seed_mean (x20a),2.5433979772790547,2.4010834380004082,PASS/INVALID,PASS/PASS,"x20b TG 128x128, 6 seeds","x20a MSD 64x64, 3 seeds",,,,,
ell,0.5744768837780632,L072_G08_A120,8,120.0,0.72,0.5744768837780632,0.0005306144403238514,5.5888746007937734e-05,0.10532835475383406,0.0005101978801036144,8.483625434154758e-05,0.16628107965544361,0.22071740506084603,0.2122248163756816,0.9594458163509958,0.10822247320716953,REVIEW,0.00026137327846473263,6.037496652184947e-06,0.023099135028830396,0.0002932643476308844,1.1024696989590063e-05,0.03759303535752746,0.10872231773370476,0.12198790852062888,1.1227405301759248,0.05912942545441931,paired_seed_mean (x20a),2.030102095518719,1.7397200997162199,PASS/REVIEW,PASS/PASS,"x20b TG 128x128, 6 seeds","x20a MSD 64x64, 3 seeds",,,,,
ell,0.7180961047225789,L090_G08_A120,8,120.0,0.9,0.7180961047225789,0.0005301002753884879,5.595758104327447e-05,0.10556036969093356,0.0005918107054147394,0.00013112623353072483,0.22156786339110224,0.27562941260695933,0.30771619008956536,1.1373847717964976,0.30739258481945375,REVIEW,0.00030500453065472345,6.333079353166331e-06,0.02076388616120465,0.0003431237395004381,7.48053684192828e-06,0.021801280356816374,0.15858927740645434,0.1784096314620835,1.1249632977974826,0.0016047274836681587,paired_seed_mean (x20a),1.7380078723767591,1.7247734192812496,PASS/REVIEW,PASS/PASS,"x20b TG 128x128, 6 seeds","x20a MSD 64x64, 3 seeds",,,,,
gamma,6.0,L072_G06_A120,6,120.0,0.72,0.5744768837780632,0.0005412514344203532,5.461427331138415e-05,0.1009037017516132,0.0007037822312618092,6.237026556222499e-05,0.08862154057285805,0.22514202971522687,0.2927492657705122,1.318674807394205,0.23625478149031245,REVIEW,0.00030056367234563967,9.78909040309829e-07,0.003256910699387887,0.0003124980905528847,2.57435196969308e-05,0.08237976638956189,0.125024177207086,0.12998848578490446,1.039533719086835,0.0824426158882898,paired_seed_mean (x20a),1.8007879335395178,2.252116900991773,PASS/REVIEW,PASS/PASS,"x20b TG 128x128, 6 seeds","x20a MSD 64x64, 3 seeds",,,,,
gamma,8.0,L072_G08_A120,8,120.0,0.72,0.5744768837780632,0.0005306144403238514,5.5888746007937734e-05,0.10532835475383406,0.0005101978801036144,8.483625434154758e-05,0.16628107965544361,0.22071740506084603,0.2122248163756816,0.9594458163509958,0.10822247320716953,REVIEW,0.00026137327846473263,6.037496652184947e-06,0.023099135028830396,0.0002932643476308844,1.1024696989590063e-05,0.03759303535752746,0.10872231773370476,0.12198790852062888,1.1227405301759248,0.05912942545441931,paired_seed_mean (x20a),2.030102095518719,1.7397200997162199,PASS/REVIEW,PASS/PASS,"x20b TG 128x128, 6 seeds","x20a MSD 64x64, 3 seeds",,,,,
gamma,12.0,L072_G12_A120,12,120.0,0.72,0.5744768837780632,0.00047784173708686345,2.2599972424090153e-05,0.04729593643675765,0.0005323585682168549,2.9564757379813322e-05,0.055535421321086346,0.19876577082072805,0.22144290243404796,1.1176786500594462,0.1032449064945654,PASS,0.00022368893259030497,7.701575559059186e-06,0.03442984625960428,0.00023029041472633633,1.263038836152756e-05,0.054845480114909584,0.09304692256778622,0.0957929126801757,1.0290358821626677,0.022582827988001736,paired_seed_mean (x20a),2.136188552350282,2.3116835707186456,PASS/PASS,PASS/PASS,"x20b TG 128x128, 6 seeds","x20a MSD 64x64, 3 seeds",,,,,
gamma,16.0,L072_G16_A120,16,120.0,0.72,0.5744768837780632,0.00046470282806778486,1.9511167275640205e-05,0.04198633211845693,0.0005305112767992687,3.132908410751989e-05,0.05905451114354724,0.19330043538384922,0.22067449257352487,1.143626432486627,0.0906235311277784,PASS,0.000202089780035359,1.4951791916552135e-05,0.07398588842016686,0.00019744336542009747,3.1719927265484936e-06,0.016065329517654287,0.08406241603884333,0.08212966694876696,0.9808148255922172,0.07856870269774742,paired_seed_mean (x20a),2.2994870299056056,2.6869035364673173,PASS/PASS,PASS/PASS,"x20b TG 128x128, 6 seeds","x20a MSD 64x64, 3 seeds",,,,,
alpha_deg,30.0,L072_G08_A030,8,30.0,0.72,0.5744768837780632,0.0013239687806271539,9.619380952706232e-05,0.07265564787826496,0.0013275522617391495,0.00020975559761610949,0.15800176283931813,0.5507255955251513,0.552216200740572,1.006623835580778,0.16327417227430768,REVIEW,0.0061248873922027216,8.849204303829601e-05,0.014447946120764712,0.005611474538966699,6.695828196870685e-05,0.011932386310183027,2.5477430479875123,2.334180913074679,0.916175952248588,,ratio_of_means (x20c),0.21616214239507983,0.2365781493831042,PASS/REVIEW,PASS/PASS,"x20c TG 128x128, 6 seeds","x20c MSD 64x64, 6 seeds",,,,,
alpha_deg,45.0,L072_G08_A045,8,45.0,0.72,0.5744768837780632,0.0005634254641689713,3.244202336009822e-05,0.057579973613632866,0.0007858485934387927,0.00021227164499234538,0.2701177386644754,0.234365665436241,0.32688605724462305,1.4036564624171932,0.3550647900087305,INVALID,0.002624558948849104,1.7564528452481383e-05,0.0066923733834149965,0.002535846805872833,1.9348825775108783e-05,0.00763012407937985,1.0917264902659618,1.0548252819551613,0.9661992187239032,,ratio_of_means (x20c),0.21467434153690437,0.3098959257392149,PASS/INVALID,PASS/PASS,"x20c TG 128x128, 6 seeds","x20c MSD 64x64, 6 seeds",,,,,
alpha_deg,60.0,L072_G08_A060,8,60.0,0.72,0.5744768837780632,0.00036470273194837664,2.7902422036885567e-05,0.07650730195471947,0.0005708469956944962,0.0002126600455629223,0.3725342292538453,0.1517038257856637,0.2374527679638152,1.603316910723884,0.5981637932211425,INVALID,0.0013918622341643648,1.9155224191462255e-05,0.013762298969885131,0.0014018078494537015,4.6490455264020896e-05,0.033164641845983875,0.5789669431903341,0.5831039779778836,1.0073272902702184,0.03812749849039265,paired_seed_mean (x20a),0.262025021583644,0.4072219997319611,PASS/INVALID,PASS/PASS,"x20b TG 128x128, 6 seeds","x20a MSD 64x64, 3 seeds",,,,,
alpha_deg,90.0,L072_G08_A090,8,90.0,0.72,0.5744768837780632,0.00030179829049938376,2.408492828340621e-05,0.07980472070783777,0.0005393671651492451,0.0001766680705792991,0.32754695130619293,0.12553773600689758,0.22435823833612112,1.7977710965174534,0.6148444909646393,INVALID,0.0005504049301361294,1.0369157625916787e-05,0.01883914379791661,0.0005929449689073895,3.880256170720301e-05,0.0654404097208277,0.22894956993291982,0.24664476677499916,1.078283096769981,0.0884035441913372,paired_seed_mean (x20a),0.548320470938989,0.9096411866739145,PASS/INVALID,PASS/PASS,"x20b TG 128x128, 6 seeds","x20a MSD 64x64, 3 seeds",,,,,
alpha_deg,120.0,L072_G08_A120,8,120.0,0.72,0.5744768837780632,0.0005306144403238514,5.5888746007937734e-05,0.10532835475383406,0.0005101978801036144,8.483625434154758e-05,0.16628107965544361,0.22071740506084603,0.2122248163756816,0.9594458163509958,0.10822247320716953,REVIEW,0.00026137327846473263,6.037496652184947e-06,0.023099135028830396,0.0002932643476308844,1.1024696989590063e-05,0.03759303535752746,0.10872231773370476,0.12198790852062888,1.1227405301759248,0.05912942545441931,paired_seed_mean (x20a),2.030102095518719,1.7397200997162199,PASS/REVIEW,PASS/PASS,"x20b TG 128x128, 6 seeds","x20a MSD 64x64, 3 seeds",,,,,
alpha_deg,150.0,L072_G08_A150,8,150.0,0.72,0.5744768837780632,0.0015295799850363085,0.00023883227360113076,0.15614238937329025,0.0014211989147998318,0.00023126795166981148,0.16272736297605767,0.6362528033051086,0.5911699959738338,0.9459029369000141,0.1980908808122018,REVIEW,0.0001067423476646023,6.754506888767042e-06,0.06327860531970443,0.00010862776648177814,7.5945290747327395e-06,0.06991333174475875,0.04440115495585514,0.04518542450669125,1.0196583938739938,0.0820119936144247,paired_seed_mean (x20a),14.329645342281946,13.08320110805401,REVIEW/REVIEW,PASS/PASS,"x20b TG 128x128, 6 seeds","x20a MSD 64x64, 3 seeds",,,,,
alpha_deg,165.0,L072_G08_A165,8,165.0,0.72,0.5744768837780632,0.0042083346039622,0.00021788044335041912,0.05177355506505636,0.003105024403558631,0.000366886925933036,0.11815911189379101,1.7505228332033156,1.2915836376141234,0.7403439825360834,0.10468733759756652,PASS,6.041684585423758e-05,1.0020939694142003e-06,0.016586333749230544,6.13006348485327e-05,3.7075509638442458e-06,0.06048144481709214,0.025131335345433936,0.025498961249702762,1.0146281882445065,,ratio_of_means (x20c),69.65498685772639,50.65240207105218,PASS/PASS,PASS/PASS,"x20d TG 256x256, mode (1,1), 6 seeds","x20c MSD 64x64, 6 seeds",0.0036488903120495213,0.003205635197412387,0.8616224521711272,0.15745681632211112,Final high-angle TG confirmed by x20d at 256x256; x20c TG kept only as audit trail.
alpha_deg,175.0,L072_G08_A175,8,175.0,0.72,0.5744768837780632,0.00943178700191517,0.00046281434211399645,0.04906963463233635,0.005861715685563784,0.0002037626844672344,0.03476161168462342,3.923299846266466,2.4382726458263337,0.6227525580553404,0.037906061663234916,PASS,4.600307171263135e-05,1.1827843971696871e-06,0.02571098740010708,4.705185802990211e-05,3.146166788267319e-06,0.06686594153769414,0.019135699750355225,0.019571958880939835,1.0227981801698425,,ratio_of_means (x20c),205.02515703370793,124.57989824415823,PASS/PASS,PASS/PASS,"x20d TG 256x256, mode (1,1), 6 seeds","x20c MSD 64x64, 6 seeds",,0.005199197361430979,1.1370179219163499,0.5855400326399606,Final high-angle TG confirmed by x20d at 256x256; x20c TG kept only as audit trail.
